State,Abbreviation,Total_EV,D_Nominee,D_Percentage,D_Votes,R_Nominee,R_Percentage,R_Votes,Year
Minnesota,MN,11,FRANKLIN D. ROOSEVELT,51.5,644196,WENDELL WILLKIE,47.7,596274,1940
Wisconsin,WI,12,FRANKLIN D. ROOSEVELT,50.1,704821,WENDELL WILLKIE,48.3,679206,1940
Illinois,IL,29,FRANKLIN D. ROOSEVELT,51,2149934,WENDELL WILLKIE,48.5,2047240,1940
Ohio,OH,26,FRANKLIN D. ROOSEVELT,52.2,1733139,WENDELL WILLKIE,47.8,1586773,1940
Missouri,MO,15,FRANKLIN D. ROOSEVELT,52.3,958476,WENDELL WILLKIE,47.5,871009,1940
New Hampshire,NH,4,FRANKLIN D. ROOSEVELT,53.2,125292,WENDELL WILLKIE,46.8,110127,1940
New York,NY,47,FRANKLIN D. ROOSEVELT,51.6,3251918,WENDELL WILLKIE,48,3027478,1940
Rhode Island,RI,4,FRANKLIN D. ROOSEVELT,56.7,182181,WENDELL WILLKIE,43.2,138654,1940
Massachusetts,MA,17,FRANKLIN D. ROOSEVELT,53.1,1076522,WENDELL WILLKIE,46.4,939700,1940
Pennsylvania,PA,36,FRANKLIN D. ROOSEVELT,53.2,2171035,WENDELL WILLKIE,46.3,1889848,1940
New Jersey,NJ,16,FRANKLIN D. ROOSEVELT,51.5,1016808,WENDELL WILLKIE,47.9,945475,1940
Connecticut,CT,8,FRANKLIN D. ROOSEVELT,53.4,417621,WENDELL WILLKIE,46.3,361819,1940
Delaware,DE,3,FRANKLIN D. ROOSEVELT,54.7,74599,WENDELL WILLKIE,45.1,61440,1940
Kentucky,KY,11,FRANKLIN D. ROOSEVELT,57.4,557322,WENDELL WILLKIE,42.3,410384,1940
West Virginia,WV,8,FRANKLIN D. ROOSEVELT,57.1,495662,WENDELL WILLKIE,42.9,372414,1940
Maryland,MD,8,FRANKLIN D. ROOSEVELT,58.3,384546,WENDELL WILLKIE,40.8,269534,1940
Virginia,VA,11,FRANKLIN D. ROOSEVELT,68.1,235961,WENDELL WILLKIE,31.6,109363,1940
Arkansas,AR,9,FRANKLIN D. ROOSEVELT,78.4,157213,WENDELL WILLKIE,21,42122,1940
Tennessee,TN,11,FRANKLIN D. ROOSEVELT,67.3,351601,WENDELL WILLKIE,32.4,169153,1940
North Carolina,NC,13,FRANKLIN D. ROOSEVELT,74,609015,WENDELL WILLKIE,26,213633,1940
South Carolina,SC,8,FRANKLIN D. ROOSEVELT,95.6,95470,WENDELL WILLKIE,4.4,4360,1940
Oklahoma,OK,11,FRANKLIN D. ROOSEVELT,57.4,474313,WENDELL WILLKIE,42.2,348872,1940
Louisiana,LA,10,FRANKLIN D. ROOSEVELT,85.9,319751,WENDELL WILLKIE,14.1,52446,1940
Mississippi,MS,9,FRANKLIN D. ROOSEVELT,95.7,168267,WENDELL WILLKIE,4.2,7364,1940
Alabama,AL,11,FRANKLIN D. ROOSEVELT,85.2,250726,WENDELL WILLKIE,14.3,42184,1940
Georgia,GA,12,FRANKLIN D. ROOSEVELT,84.8,265194,WENDELL WILLKIE,14.9,46495,1940
Texas,TX,23,FRANKLIN D. ROOSEVELT,80.7,840151,WENDELL WILLKIE,19.1,199152,1940
Florida,FL,7,FRANKLIN D. ROOSEVELT,74,359334,WENDELL WILLKIE,26,126158,1940
Washington,WA,8,FRANKLIN D. ROOSEVELT,58.2,462145,WENDELL WILLKIE,40.6,322123,1940
Montana,MT,4,FRANKLIN D. ROOSEVELT,58.8,145698,WENDELL WILLKIE,40.2,99579,1940
Idaho,ID,4,FRANKLIN D. ROOSEVELT,54.4,127842,WENDELL WILLKIE,45.3,106553,1940
Wyoming,WY,3,FRANKLIN D. ROOSEVELT,52.8,59287,WENDELL WILLKIE,46.9,52633,1940
Oregon,OR,5,FRANKLIN D. ROOSEVELT,53.7,258415,WENDELL WILLKIE,45.6,219555,1940
Nevada,NV,3,FRANKLIN D. ROOSEVELT,60.1,31945,WENDELL WILLKIE,39.9,21229,1940
California,CA,22,FRANKLIN D. ROOSEVELT,57.4,1877618,WENDELL WILLKIE,41.3,1351419,1940
Utah,UT,4,FRANKLIN D. ROOSEVELT,62.3,154277,WENDELL WILLKIE,37.6,93151,1940
Arizona,AZ,3,FRANKLIN D. ROOSEVELT,63.5,95267,WENDELL WILLKIE,36,54030,1940
New Mexico,NM,3,FRANKLIN D. ROOSEVELT,56.6,103699,WENDELL WILLKIE,43.3,79315,1940
North Dakota,ND,4,FRANKLIN D. ROOSEVELT,44.2,124036,WENDELL WILLKIE,55.1,154590,1940
Michigan,MI,19,FRANKLIN D. ROOSEVELT,49.5,1032991,WENDELL WILLKIE,49.9,1039917,1940
South Dakota,SD,4,FRANKLIN D. ROOSEVELT,42.6,131362,WENDELL WILLKIE,57.4,177065,1940
Iowa,IA,11,FRANKLIN D. ROOSEVELT,47.6,578802,WENDELL WILLKIE,52,632370,1940
Indiana,IN,14,FRANKLIN D. ROOSEVELT,49,874063,WENDELL WILLKIE,50.5,899466,1940
Nebraska,NE,7,FRANKLIN D. ROOSEVELT,42.8,263677,WENDELL WILLKIE,57.2,352201,1940
Kansas,KS,9,FRANKLIN D. ROOSEVELT,42.4,364725,WENDELL WILLKIE,56.9,489169,1940
Maine,ME,5,FRANKLIN D. ROOSEVELT,48.8,156478,WENDELL WILLKIE,51.1,163951,1940
Vermont,VT,3,FRANKLIN D. ROOSEVELT,44.9,64269,WENDELL WILLKIE,54.8,78371,1940
Colorado,CO,6,FRANKLIN D. ROOSEVELT,48.4,265554,WENDELL WILLKIE,50.9,279576,1940
Minnesota,MN,11,FRANKLIN D. ROOSEVELT,52.4,589864,THOMAS E. DEWEY,46.9,527416,1944
Illinois,IL,28,FRANKLIN D. ROOSEVELT,51.5,2079479,THOMAS E. DEWEY,48,1939314,1944
Missouri,MO,15,FRANKLIN D. ROOSEVELT,51.4,807356,THOMAS E. DEWEY,48.4,761175,1944
Michigan,MI,19,FRANKLIN D. ROOSEVELT,50.2,1106899,THOMAS E. DEWEY,49.2,1084423,1944
New Hampshire,NH,4,FRANKLIN D. ROOSEVELT,52.1,119663,THOMAS E. DEWEY,47.9,109916,1944
New York,NY,47,FRANKLIN D. ROOSEVELT,52.3,3304238,THOMAS E. DEWEY,47.3,2987647,1944
Rhode Island,RI,4,FRANKLIN D. ROOSEVELT,58.6,175356,THOMAS E. DEWEY,41.3,123487,1944
Massachusetts,MA,16,FRANKLIN D. ROOSEVELT,52.8,1035296,THOMAS E. DEWEY,47,921350,1944
Pennsylvania,PA,35,FRANKLIN D. ROOSEVELT,51.1,1940479,THOMAS E. DEWEY,48.4,1835054,1944
New Jersey,NJ,16,FRANKLIN D. ROOSEVELT,50.3,987874,THOMAS E. DEWEY,49,961335,1944
Connecticut,CT,8,FRANKLIN D. ROOSEVELT,52.3,435146,THOMAS E. DEWEY,46.9,390527,1944
Delaware,DE,3,FRANKLIN D. ROOSEVELT,54.4,68166,THOMAS E. DEWEY,45.3,56747,1944
Kentucky,KY,11,FRANKLIN D. ROOSEVELT,54.5,472589,THOMAS E. DEWEY,45.2,392448,1944
West Virginia,WV,8,FRANKLIN D. ROOSEVELT,54.9,392777,THOMAS E. DEWEY,45.1,322819,1944
Maryland,MD,8,FRANKLIN D. ROOSEVELT,51.9,315490,THOMAS E. DEWEY,48.1,292949,1944
Virginia,VA,11,FRANKLIN D. ROOSEVELT,62.4,242276,THOMAS E. DEWEY,37.4,145243,1944
Arkansas,AR,9,FRANKLIN D. ROOSEVELT,70,148965,THOMAS E. DEWEY,29.8,63551,1944
Tennessee,TN,12,FRANKLIN D. ROOSEVELT,60.4,308707,THOMAS E. DEWEY,39.2,200311,1944
North Carolina,NC,14,FRANKLIN D. ROOSEVELT,66.7,527399,THOMAS E. DEWEY,33.3,263155,1944
South Carolina,SC,8,FRANKLIN D. ROOSEVELT,87.6,90601,THOMAS E. DEWEY,4.4,4554,1944
Oklahoma,OK,10,FRANKLIN D. ROOSEVELT,55.6,401549,THOMAS E. DEWEY,44.2,319424,1944
Louisiana,LA,10,FRANKLIN D. ROOSEVELT,80.6,281564,THOMAS E. DEWEY,19.4,67750,1944
Mississippi,MS,9,FRANKLIN D. ROOSEVELT,93.6,168621,THOMAS E. DEWEY,6.4,11613,1944
Alabama,AL,11,FRANKLIN D. ROOSEVELT,81.3,198918,THOMAS E. DEWEY,18.2,44540,1944
Georgia,GA,12,FRANKLIN D. ROOSEVELT,81.7,268187,THOMAS E. DEWEY,17.2,56506,1944
Texas,TX,23,FRANKLIN D. ROOSEVELT,71.4,821605,THOMAS E. DEWEY,16.6,191423,1944
Florida,FL,8,FRANKLIN D. ROOSEVELT,70.3,339377,THOMAS E. DEWEY,29.7,143215,1944
Washington,WA,8,FRANKLIN D. ROOSEVELT,56.8,486774,THOMAS E. DEWEY,42.2,361689,1944
Montana,MT,4,FRANKLIN D. ROOSEVELT,54.3,112556,THOMAS E. DEWEY,44.9,93163,1944
Idaho,ID,4,FRANKLIN D. ROOSEVELT,51.6,107399,THOMAS E. DEWEY,48.1,100137,1944
Oregon,OR,6,FRANKLIN D. ROOSEVELT,51.8,248635,THOMAS E. DEWEY,46.9,225365,1944
Nevada,NV,3,FRANKLIN D. ROOSEVELT,54.6,29623,THOMAS E. DEWEY,45.4,24611,1944
California,CA,25,FRANKLIN D. ROOSEVELT,56.5,1988564,THOMAS E. DEWEY,43,1512965,1944
Utah,UT,4,FRANKLIN D. ROOSEVELT,60.4,150088,THOMAS E. DEWEY,39.4,97891,1944
Arizona,AZ,4,FRANKLIN D. ROOSEVELT,58.8,80926,THOMAS E. DEWEY,40.9,56287,1944
New Mexico,NM,4,FRANKLIN D. ROOSEVELT,53.5,81389,THOMAS E. DEWEY,46.4,70688,1944
Wisconsin,WI,12,FRANKLIN D. ROOSEVELT,48.6,650413,THOMAS E. DEWEY,50.4,674532,1944
Ohio,OH,25,FRANKLIN D. ROOSEVELT,49.8,1570763,THOMAS E. DEWEY,50.2,1582293,1944
North Dakota,ND,4,FRANKLIN D. ROOSEVELT,45.5,100144,THOMAS E. DEWEY,53.8,118535,1944
South Dakota,SD,4,FRANKLIN D. ROOSEVELT,41.7,96711,THOMAS E. DEWEY,58.3,135365,1944
Iowa,IA,10,FRANKLIN D. ROOSEVELT,47.5,499876,THOMAS E. DEWEY,52,547267,1944
Indiana,IN,13,FRANKLIN D. ROOSEVELT,46.7,781403,THOMAS E. DEWEY,52.4,875891,1944
Nebraska,NE,6,FRANKLIN D. ROOSEVELT,41.4,233246,THOMAS E. DEWEY,58.6,329880,1944
Kansas,KS,8,FRANKLIN D. ROOSEVELT,39.2,287458,THOMAS E. DEWEY,60.2,442096,1944
Maine,ME,5,FRANKLIN D. ROOSEVELT,47.4,140631,THOMAS E. DEWEY,52.4,155434,1944
Vermont,VT,3,FRANKLIN D. ROOSEVELT,42.9,53820,THOMAS E. DEWEY,57.1,71527,1944
Wyoming,WY,3,FRANKLIN D. ROOSEVELT,48.8,49419,THOMAS E. DEWEY,51.2,51921,1944
Colorado,CO,6,FRANKLIN D. ROOSEVELT,46.4,234331,THOMAS E. DEWEY,53.2,268731,1944
Minnesota,MN,11,HARRY S TRUMAN,57.2,692966,THOMAS E. DEWEY,39.9,483617,1948
Illinois,IL,28,HARRY S TRUMAN,50.1,1994715,THOMAS E. DEWEY,49.2,1961103,1948
Missouri,MO,15,HARRY S TRUMAN,58.1,917315,THOMAS E. DEWEY,41.5,655039,1948
Wisconsin,WI,12,HARRY S TRUMAN,50.7,647310,THOMAS E. DEWEY,46.3,590959,1948
Iowa,IA,10,HARRY S TRUMAN,50.3,522380,THOMAS E. DEWEY,47.6,494018,1948
Ohio,OH,25,HARRY S TRUMAN,49.5,1452791,THOMAS E. DEWEY,49.2,1445684,1948
Rhode Island,RI,4,HARRY S TRUMAN,57.6,188736,THOMAS E. DEWEY,41.4,135787,1948
Massachusetts,MA,16,HARRY S TRUMAN,54.7,1151788,THOMAS E. DEWEY,43.2,909370,1948
Kentucky,KY,11,HARRY S TRUMAN,56.7,466756,THOMAS E. DEWEY,41.5,341210,1948
West Virginia,WV,8,HARRY S TRUMAN,57.3,429188,THOMAS E. DEWEY,42.2,316251,1948
Virginia,VA,11,HARRY S TRUMAN,47.9,200786,THOMAS E. DEWEY,41,172070,1948
Arkansas,AR,9,HARRY S TRUMAN,61.7,149659,THOMAS E. DEWEY,21,50959,1948
North Carolina,NC,14,HARRY S TRUMAN,58,459070,THOMAS E. DEWEY,32.7,258572,1948
Tennessee,TN,11,HARRY S TRUMAN,49.1,270402,THOMAS E. DEWEY,36.9,202914,1948
Oklahoma,OK,10,HARRY S TRUMAN,62.7,452782,THOMAS E. DEWEY,37.3,268817,1948
Georgia,GA,12,HARRY S TRUMAN,60.8,254646,THOMAS E. DEWEY,18.3,76691,1948
Texas,TX,23,HARRY S TRUMAN,65.4,750700,THOMAS E. DEWEY,24.6,282240,1948
Florida,FL,8,HARRY S TRUMAN,48.8,281988,THOMAS E. DEWEY,33.6,194280,1948
Washington,WA,8,HARRY S TRUMAN,52.6,476165,THOMAS E. DEWEY,42.7,386314,1948
Montana,MT,4,HARRY S TRUMAN,53.1,119071,THOMAS E. DEWEY,43.1,96770,1948
Idaho,ID,4,HARRY S TRUMAN,50,107370,THOMAS E. DEWEY,47.3,101514,1948
Nevada,NV,3,HARRY S TRUMAN,50.4,31291,THOMAS E. DEWEY,47.3,29357,1948
California,CA,25,HARRY S TRUMAN,47.6,1913134,THOMAS E. DEWEY,47.1,1895269,1948
Utah,UT,4,HARRY S TRUMAN,54,149151,THOMAS E. DEWEY,45,124402,1948
Arizona,AZ,4,HARRY S TRUMAN,53.8,95251,THOMAS E. DEWEY,43.8,77597,1948
New Mexico,NM,4,HARRY S TRUMAN,56.4,105464,THOMAS E. DEWEY,42.9,80303,1948
Wyoming,WY,3,HARRY S TRUMAN,51.6,52354,THOMAS E. DEWEY,47.3,47947,1948
Colorado,CO,6,HARRY S TRUMAN,51.9,267288,THOMAS E. DEWEY,46.5,239714,1948
South Carolina,SC,8,HARRY S TRUMAN,24.1,34423,THOMAS E. DEWEY,3.8,5386,1948
Mississippi,MS,9,HARRY S TRUMAN,10.1,19384,THOMAS E. DEWEY,2.6,5043,1948
Louisiana,LA,10,HARRY S TRUMAN,32.7,136344,THOMAS E. DEWEY,17.5,72657,1948
Alabama,AL,11,HARRY S TRUMAN,1.2,2607,THOMAS E. DEWEY,19,40930,1948
Michigan,MI,19,HARRY S TRUMAN,47.6,1003448,THOMAS E. DEWEY,49.2,1038595,1948
North Dakota,ND,4,HARRY S TRUMAN,43.4,95812,THOMAS E. DEWEY,52.2,115139,1948
South Dakota,SD,4,HARRY S TRUMAN,47,117653,THOMAS E. DEWEY,51.8,129651,1948
Indiana,IN,13,HARRY S TRUMAN,48.8,807831,THOMAS E. DEWEY,49.6,821079,1948
Nebraska,NE,6,HARRY S TRUMAN,45.8,224165,THOMAS E. DEWEY,54.2,264774,1948
Kansas,KS,8,HARRY S TRUMAN,44.6,351902,THOMAS E. DEWEY,53.6,423039,1948
New Hampshire,NH,4,HARRY S TRUMAN,46.7,107995,THOMAS E. DEWEY,52.4,121299,1948
New York,NY,47,HARRY S TRUMAN,45,2780204,THOMAS E. DEWEY,46,2841163,1948
Pennsylvania,PA,35,HARRY S TRUMAN,46.9,1752426,THOMAS E. DEWEY,50.9,1902197,1948
New Jersey,NJ,16,HARRY S TRUMAN,45.9,895455,THOMAS E. DEWEY,50.3,981124,1948
Connecticut,CT,8,HARRY S TRUMAN,47.9,423297,THOMAS E. DEWEY,49.5,437754,1948
Delaware,DE,3,HARRY S TRUMAN,48.8,67813,THOMAS E. DEWEY,50,69588,1948
Maine,ME,5,HARRY S TRUMAN,42.3,111916,THOMAS E. DEWEY,56.7,150234,1948
Vermont,VT,3,HARRY S TRUMAN,36.9,45557,THOMAS E. DEWEY,61.5,75926,1948
Maryland,MD,8,HARRY S TRUMAN,48,286521,THOMAS E. DEWEY,49.4,294814,1948
Oregon,OR,6,HARRY S TRUMAN,46.4,243147,THOMAS E. DEWEY,49.8,260904,1948
Kentucky,KY,10,ADLAI E. STEVENSON,49.9,495729,DWIGHT D. EISENHOWER,49.8,495029,1952
West Virginia,WV,8,ADLAI E. STEVENSON,51.9,453578,DWIGHT D. EISENHOWER,48.1,419970,1952
Arkansas,AR,8,ADLAI E. STEVENSON,55.9,226300,DWIGHT D. EISENHOWER,43.8,177155,1952
North Carolina,NC,14,ADLAI E. STEVENSON,53.9,652803,DWIGHT D. EISENHOWER,46.1,558107,1952
Georgia,GA,12,ADLAI E. STEVENSON,69.7,456823,DWIGHT D. EISENHOWER,30.3,198961,1952
South Carolina,SC,8,ADLAI E. STEVENSON,50.7,173004,DWIGHT D. EISENHOWER,2.9,9793,1952
Louisiana,LA,10,ADLAI E. STEVENSON,52.9,345027,DWIGHT D. EISENHOWER,47.1,306925,1952
Mississippi,MS,8,ADLAI E. STEVENSON,60.4,172566,DWIGHT D. EISENHOWER,39.6,112966,1952
Alabama,AL,11,ADLAI E. STEVENSON,64.6,275075,DWIGHT D. EISENHOWER,35,149231,1952
Minnesota,MN,11,ADLAI E. STEVENSON,44.1,608458,DWIGHT D. EISENHOWER,55.3,763211,1952
Wisconsin,WI,12,ADLAI E. STEVENSON,38.7,622175,DWIGHT D. EISENHOWER,61,979744,1952
Illinois,IL,27,ADLAI E. STEVENSON,44.9,2013920,DWIGHT D. EISENHOWER,54.8,2457327,1952
Iowa,IA,10,ADLAI E. STEVENSON,35.6,451513,DWIGHT D. EISENHOWER,63.8,808906,1952
Ohio,OH,25,ADLAI E. STEVENSON,43.2,1600367,DWIGHT D. EISENHOWER,56.8,2100391,1952
Missouri,MO,13,ADLAI E. STEVENSON,49.1,929830,DWIGHT D. EISENHOWER,50.7,959429,1952
North Dakota,ND,4,ADLAI E. STEVENSON,28.4,76694,DWIGHT D. EISENHOWER,71,191712,1952
Michigan,MI,20,ADLAI E. STEVENSON,44,1230657,DWIGHT D. EISENHOWER,55.4,1551529,1952
South Dakota,SD,4,ADLAI E. STEVENSON,30.7,90426,DWIGHT D. EISENHOWER,69.3,203857,1952
Indiana,IN,13,ADLAI E. STEVENSON,41,801530,DWIGHT D. EISENHOWER,58.1,1136259,1952
Nebraska,NE,6,ADLAI E. STEVENSON,30.8,188057,DWIGHT D. EISENHOWER,69.2,421603,1952
Kansas,KS,8,ADLAI E. STEVENSON,30.5,273296,DWIGHT D. EISENHOWER,68.8,616302,1952
Rhode Island,RI,4,ADLAI E. STEVENSON,49,203293,DWIGHT D. EISENHOWER,50.9,210935,1952
Massachusetts,MA,16,ADLAI E. STEVENSON,45.5,1083525,DWIGHT D. EISENHOWER,54.2,1292325,1952
Maine,ME,5,ADLAI E. STEVENSON,33.8,118806,DWIGHT D. EISENHOWER,66,232353,1952
Vermont,VT,3,ADLAI E. STEVENSON,28.2,43355,DWIGHT D. EISENHOWER,71.5,109717,1952
New Hampshire,NH,4,ADLAI E. STEVENSON,39.1,106663,DWIGHT D. EISENHOWER,60.9,166287,1952
New York,NY,45,ADLAI E. STEVENSON,43.6,3104601,DWIGHT D. EISENHOWER,55.5,3952813,1952
Pennsylvania,PA,32,ADLAI E. STEVENSON,46.9,2146269,DWIGHT D. EISENHOWER,52.7,2415789,1952
New Jersey,NJ,16,ADLAI E. STEVENSON,42,1015902,DWIGHT D. EISENHOWER,56.8,1373613,1952
Connecticut,CT,8,ADLAI E. STEVENSON,43.9,481649,DWIGHT D. EISENHOWER,55.7,611012,1952
Delaware,DE,3,ADLAI E. STEVENSON,47.9,83315,DWIGHT D. EISENHOWER,51.8,90059,1952
Virginia,VA,12,ADLAI E. STEVENSON,43.4,268677,DWIGHT D. EISENHOWER,56.3,349037,1952
Tennessee,TN,11,ADLAI E. STEVENSON,49.7,443710,DWIGHT D. EISENHOWER,50,446147,1952
Oklahoma,OK,8,ADLAI E. STEVENSON,45.4,430939,DWIGHT D. EISENHOWER,54.6,518045,1952
Texas,TX,24,ADLAI E. STEVENSON,46.7,969228,DWIGHT D. EISENHOWER,53.1,1102878,1952
Florida,FL,10,ADLAI E. STEVENSON,45,444950,DWIGHT D. EISENHOWER,55,544036,1952
Maryland,MD,9,ADLAI E. STEVENSON,43.8,395337,DWIGHT D. EISENHOWER,55.4,499424,1952
Washington,WA,9,ADLAI E. STEVENSON,44.7,492845,DWIGHT D. EISENHOWER,54.3,599107,1952
Montana,MT,4,ADLAI E. STEVENSON,40.1,106213,DWIGHT D. EISENHOWER,59.4,157394,1952
Idaho,ID,4,ADLAI E. STEVENSON,34.4,95081,DWIGHT D. EISENHOWER,65.4,180707,1952
Wyoming,WY,3,ADLAI E. STEVENSON,37.1,47934,DWIGHT D. EISENHOWER,62.7,81049,1952
Nevada,NV,3,ADLAI E. STEVENSON,38.6,31688,DWIGHT D. EISENHOWER,61.4,50502,1952
Colorado,CO,6,ADLAI E. STEVENSON,39,245504,DWIGHT D. EISENHOWER,60.3,379782,1952
California,CA,32,ADLAI E. STEVENSON,42.7,2197548,DWIGHT D. EISENHOWER,56.3,2897310,1952
Utah,UT,4,ADLAI E. STEVENSON,41.1,135364,DWIGHT D. EISENHOWER,58.9,194190,1952
Arizona,AZ,4,ADLAI E. STEVENSON,41.7,108528,DWIGHT D. EISENHOWER,58.3,152042,1952
New Mexico,NM,4,ADLAI E. STEVENSON,44.3,105661,DWIGHT D. EISENHOWER,55.4,132170,1952
Oregon,OR,6,ADLAI E. STEVENSON,38.9,270579,DWIGHT D. EISENHOWER,60.5,420815,1952
Missouri,MO,13,ADLAI E. STEVENSON,50.1,918273,DWIGHT D. EISENHOWER,49.9,914289,1956
Arkansas,AR,8,ADLAI E. STEVENSON,52.5,213277,DWIGHT D. EISENHOWER,45.8,186287,1956
North Carolina,NC,14,ADLAI E. STEVENSON,50.7,590530,DWIGHT D. EISENHOWER,49.3,575062,1956
South Carolina,SC,8,ADLAI E. STEVENSON,45.4,136372,DWIGHT D. EISENHOWER,25.2,75700,1956
Mississippi,MS,8,ADLAI E. STEVENSON,58.2,144453,DWIGHT D. EISENHOWER,24.5,60685,1956
Alabama,AL,10,ADLAI E. STEVENSON,56.5,280844,DWIGHT D. EISENHOWER,39.4,195694,1956
Georgia,GA,12,ADLAI E. STEVENSON,66.4,444688,DWIGHT D. EISENHOWER,33.3,222778,1956
North Dakota,ND,4,ADLAI E. STEVENSON,38.1,96742,DWIGHT D. EISENHOWER,61.7,156766,1956
Minnesota,MN,11,ADLAI E. STEVENSON,46.1,617525,DWIGHT D. EISENHOWER,53.7,719302,1956
Wisconsin,WI,12,ADLAI E. STEVENSON,37.8,586768,DWIGHT D. EISENHOWER,61.6,954844,1956
Michigan,MI,20,ADLAI E. STEVENSON,44.1,1359898,DWIGHT D. EISENHOWER,55.6,1713647,1956
Illinois,IL,27,ADLAI E. STEVENSON,40.3,1775682,DWIGHT D. EISENHOWER,59.5,2623327,1956
South Dakota,SD,4,ADLAI E. STEVENSON,41.6,122288,DWIGHT D. EISENHOWER,58.4,171569,1956
Iowa,IA,10,ADLAI E. STEVENSON,40.7,501858,DWIGHT D. EISENHOWER,59.1,729187,1956
Indiana,IN,13,ADLAI E. STEVENSON,39.7,783908,DWIGHT D. EISENHOWER,59.9,1182811,1956
Ohio,OH,25,ADLAI E. STEVENSON,38.9,1439655,DWIGHT D. EISENHOWER,61.1,2262610,1956
Nebraska,NE,6,ADLAI E. STEVENSON,34.5,199029,DWIGHT D. EISENHOWER,65.5,378108,1956
Kansas,KS,8,ADLAI E. STEVENSON,34.2,296317,DWIGHT D. EISENHOWER,65.4,566878,1956
Maine,ME,5,ADLAI E. STEVENSON,29.1,102468,DWIGHT D. EISENHOWER,70.9,249238,1956
Vermont,VT,3,ADLAI E. STEVENSON,27.8,42549,DWIGHT D. EISENHOWER,72.2,110390,1956
New Hampshire,NH,4,ADLAI E. STEVENSON,33.8,90364,DWIGHT D. EISENHOWER,66.1,176519,1956
New York,NY,45,ADLAI E. STEVENSON,38.7,2747944,DWIGHT D. EISENHOWER,61.2,4345506,1956
Rhode Island,RI,4,ADLAI E. STEVENSON,41.7,161790,DWIGHT D. EISENHOWER,58.3,225819,1956
Massachusetts,MA,16,ADLAI E. STEVENSON,40.4,948190,DWIGHT D. EISENHOWER,59.3,1393197,1956
Pennsylvania,PA,32,ADLAI E. STEVENSON,43.3,1981769,DWIGHT D. EISENHOWER,56.5,2585252,1956
New Jersey,NJ,16,ADLAI E. STEVENSON,34.2,850337,DWIGHT D. EISENHOWER,64.7,1606942,1956
Connecticut,CT,8,ADLAI E. STEVENSON,36.3,405079,DWIGHT D. EISENHOWER,63.7,711837,1956
Delaware,DE,3,ADLAI E. STEVENSON,44.6,79421,DWIGHT D. EISENHOWER,55.1,98057,1956
Kentucky,KY,10,ADLAI E. STEVENSON,45.2,476453,DWIGHT D. EISENHOWER,54.3,572192,1956
West Virginia,WV,8,ADLAI E. STEVENSON,45.9,381534,DWIGHT D. EISENHOWER,54.1,449297,1956
Louisiana,LA,10,ADLAI E. STEVENSON,39.5,243977,DWIGHT D. EISENHOWER,53.3,329047,1956
Maryland,MD,9,ADLAI E. STEVENSON,39.9,372613,DWIGHT D. EISENHOWER,60,559738,1956
Virginia,VA,12,ADLAI E. STEVENSON,38.4,267760,DWIGHT D. EISENHOWER,55.4,386459,1956
Tennessee,TN,11,ADLAI E. STEVENSON,48.6,456507,DWIGHT D. EISENHOWER,49.2,462288,1956
Oklahoma,OK,8,ADLAI E. STEVENSON,44.9,385581,DWIGHT D. EISENHOWER,55.1,473769,1956
Texas,TX,24,ADLAI E. STEVENSON,44,859958,DWIGHT D. EISENHOWER,55.3,1080619,1956
Florida,FL,10,ADLAI E. STEVENSON,42.7,480371,DWIGHT D. EISENHOWER,57.2,643849,1956
Washington,WA,9,ADLAI E. STEVENSON,45.4,523002,DWIGHT D. EISENHOWER,53.9,620430,1956
Montana,MT,4,ADLAI E. STEVENSON,42.9,116238,DWIGHT D. EISENHOWER,57.1,154933,1956
Idaho,ID,4,ADLAI E. STEVENSON,38.8,105868,DWIGHT D. EISENHOWER,61.2,166979,1956
Wyoming,WY,3,ADLAI E. STEVENSON,39.9,49554,DWIGHT D. EISENHOWER,60.1,74573,1956
Oregon,OR,6,ADLAI E. STEVENSON,44.7,329204,DWIGHT D. EISENHOWER,55.2,406393,1956
Nevada,NV,3,ADLAI E. STEVENSON,42,40640,DWIGHT D. EISENHOWER,58,56049,1956
Colorado,CO,6,ADLAI E. STEVENSON,39.3,257997,DWIGHT D. EISENHOWER,60,394479,1956
California,CA,32,ADLAI E. STEVENSON,44.3,2420135,DWIGHT D. EISENHOWER,55.4,3027668,1956
Utah,UT,4,ADLAI E. STEVENSON,35.4,118364,DWIGHT D. EISENHOWER,64.6,215631,1956
Arizona,AZ,4,ADLAI E. STEVENSON,38.9,112880,DWIGHT D. EISENHOWER,61,176990,1956
New Mexico,NM,4,ADLAI E. STEVENSON,41.8,106098,DWIGHT D. EISENHOWER,57.8,146788,1956
Alabama,AL,11,JOHN F KENNEDY,56.39,"318,303",RICHARD NIXON,42.16,"237,981",1960
Alaska,AK,3,JOHN F KENNEDY,49.06,"29,809",RICHARD NIXON,50.94,"30,953",1960
Arizona,AZ,4,JOHN F KENNEDY,44.36,"176,781",RICHARD NIXON,55.52,"221,241",1960
Arkansas,AR,8,JOHN F KENNEDY,50.19,"215,049",RICHARD NIXON,43.06,"184,508",1960
California,CA,32,JOHN F KENNEDY,49.55,"3,224,099",RICHARD NIXON,50.1,"3,259,722",1960
Colorado,CO,6,JOHN F KENNEDY,44.91,"330,629",RICHARD NIXON,54.63,"402,242",1960
Connecticut,CT,8,JOHN F KENNEDY,53.73,"657,055",RICHARD NIXON,46.27,"565,813",1960
Delaware,DE,3,JOHN F KENNEDY,50.63,"99,590",RICHARD NIXON,49,"96,373",1960
Florida,FL,10,JOHN F KENNEDY,48.49,"748,700",RICHARD NIXON,51.51,"795,476",1960
Georgia,GA,12,JOHN F KENNEDY,62.54,"458,638",RICHARD NIXON,37.43,"274,472",1960
Hawaii,HI,3,JOHN F KENNEDY,50.03,"92,410",RICHARD NIXON,49.97,"92,295",1960
Idaho,ID,4,JOHN F KENNEDY,46.22,"138,853",RICHARD NIXON,53.78,"161,597",1960
Illinois,IL,27,JOHN F KENNEDY,49.98,"2,377,846",RICHARD NIXON,49.8,"2,368,988",1960
Indiana,IN,13,JOHN F KENNEDY,44.6,"952,358",RICHARD NIXON,55.03,"1,175,120",1960
Iowa,IA,10,JOHN F KENNEDY,43.22,"550,565",RICHARD NIXON,56.71,"722,381",1960
Kansas,KS,8,JOHN F KENNEDY,39.1,"363,213",RICHARD NIXON,60.45,"561,474",1960
Kentucky,KY,10,JOHN F KENNEDY,46.41,"521,855",RICHARD NIXON,53.59,"602,607",1960
Louisiana,LA,10,JOHN F KENNEDY,50.42,"407,339",RICHARD NIXON,28.59,"230,980",1960
Maine,ME,5,JOHN F KENNEDY,42.95,"181,159",RICHARD NIXON,57.05,"240,608",1960
Maryland,MD,9,JOHN F KENNEDY,53.61,"565,808",RICHARD NIXON,46.39,"489,538",1960
Massachusetts,MA,16,JOHN F KENNEDY,60.22,"1,487,174",RICHARD NIXON,39.55,"976,750",1960
Michigan,MI,20,JOHN F KENNEDY,50.85,"1,687,269",RICHARD NIXON,48.84,"1,620,428",1960
Minnesota,MN,11,JOHN F KENNEDY,50.58,"779,933",RICHARD NIXON,49.16,"757,915",1960
Mississippi,MS,8,JOHN F KENNEDY,36.34,"108,362",RICHARD NIXON,24.67,"73,561",1960
Missouri,MO,13,JOHN F KENNEDY,50.26,"972,201",RICHARD NIXON,49.74,"962,221",1960
Montana,MT,4,JOHN F KENNEDY,48.6,"134,891",RICHARD NIXON,51.1,"141,841",1960
Nebraska,NE,6,JOHN F KENNEDY,37.93,"232,542",RICHARD NIXON,62.07,"380,553",1960
Nevada,NV,3,JOHN F KENNEDY,51.16,"54,880",RICHARD NIXON,48.84,"52,387",1960
New Hampshire,NH,4,JOHN F KENNEDY,46.58,"137,772",RICHARD NIXON,53.42,"157,989",1960
New Jersey,NJ,16,JOHN F KENNEDY,49.96,"1,385,415",RICHARD NIXON,49.16,"1,363,324",1960
New Mexico,NM,4,JOHN F KENNEDY,50.15,"156,027",RICHARD NIXON,49.41,"153,733",1960
New York,NY,45,JOHN F KENNEDY,52.53,"3,830,085",RICHARD NIXON,47.27,"3,446,419",1960
North Carolina,NC,14,JOHN F KENNEDY,52.11,"713,136",RICHARD NIXON,47.89,"655,420",1960
North Dakota,ND,4,JOHN F KENNEDY,44.52,"123,963",RICHARD NIXON,55.42,"154,310",1960
Ohio,OH,25,JOHN F KENNEDY,46.72,"1,944,248",RICHARD NIXON,53.28,"2,217,611",1960
Oklahoma,OK,8,JOHN F KENNEDY,40.98,"370,111",RICHARD NIXON,59.02,"533,039",1960
Oregon,OR,6,JOHN F KENNEDY,47.32,"367,402",RICHARD NIXON,52.56,"408,060",1960
Pennsylvania,PA,32,JOHN F KENNEDY,51.06,"2,556,282",RICHARD NIXON,48.74,"2,439,956",1960
Rhode Island,RI,4,JOHN F KENNEDY,63.63,"258,032",RICHARD NIXON,36.37,"147,502",1960
South Carolina,SC,8,JOHN F KENNEDY,51.24,"198,129",RICHARD NIXON,48.76,"188,558",1960
South Dakota,SD,4,JOHN F KENNEDY,41.79,"128,070",RICHARD NIXON,58.21,"178,417",1960
Tennessee,TN,11,JOHN F KENNEDY,45.77,"481,453",RICHARD NIXON,52.92,"556,577",1960
Texas,TX,24,JOHN F KENNEDY,50.52,"1,167,567",RICHARD NIXON,48.52,"1,121,310",1960
Utah,UT,4,JOHN F KENNEDY,45.17,"169,248",RICHARD NIXON,54.81,"205,361",1960
Vermont,VT,3,JOHN F KENNEDY,41.35,"69,186",RICHARD NIXON,58.65,"98,131",1960
Virginia,VA,12,JOHN F KENNEDY,46.97,"362,327",RICHARD NIXON,52.44,"404,521",1960
Washington,WA,9,JOHN F KENNEDY,48.27,"599,298",RICHARD NIXON,50.68,"629,273",1960
West Virginia,WV,8,JOHN F KENNEDY,52.73,"441,786",RICHARD NIXON,47.27,"395,995",1960
Wisconsin,WI,12,JOHN F KENNEDY,48.05,"830,805",RICHARD NIXON,51.77,"895,175",1960
Wyoming,WY,3,JOHN F KENNEDY,44.99,"63,331",RICHARD NIXON,55.01,"77,451",1960
Minnesota,MN,10,LYNDON B. JOHNSON,63.8,991117,BARRY M. GOLDWATER,36,559624,1964
Michigan,MI,21,LYNDON B. JOHNSON,66.7,2136615,BARRY M. GOLDWATER,33.1,1060152,1964
Illinois,IL,26,LYNDON B. JOHNSON,59.5,2796833,BARRY M. GOLDWATER,40.5,1905946,1964
Missouri,MO,12,LYNDON B. JOHNSON,64,1164344,BARRY M. GOLDWATER,36,653535,1964
North Dakota,ND,4,LYNDON B. JOHNSON,58,149784,BARRY M. GOLDWATER,41.9,108207,1964
Wisconsin,WI,12,LYNDON B. JOHNSON,62.1,1050424,BARRY M. GOLDWATER,37.7,638495,1964
South Dakota,SD,4,LYNDON B. JOHNSON,55.6,163010,BARRY M. GOLDWATER,44.4,130108,1964
Iowa,IA,9,LYNDON B. JOHNSON,61.9,733030,BARRY M. GOLDWATER,37.9,449148,1964
Indiana,IN,13,LYNDON B. JOHNSON,56,1170848,BARRY M. GOLDWATER,43.6,911118,1964
Ohio,OH,26,LYNDON B. JOHNSON,62.9,2498331,BARRY M. GOLDWATER,37.1,1470865,1964
Nebraska,NE,5,LYNDON B. JOHNSON,52.6,307307,BARRY M. GOLDWATER,47.4,276847,1964
Kansas,KS,7,LYNDON B. JOHNSON,54.1,464028,BARRY M. GOLDWATER,45.1,386579,1964
Dist. of Col.,DC,3,LYNDON B. JOHNSON,85.5,169796,BARRY M. GOLDWATER,14.5,28801,1964
New York,NY,43,LYNDON B. JOHNSON,68.6,4913102,BARRY M. GOLDWATER,31.3,2243559,1964
Rhode Island,RI,4,LYNDON B. JOHNSON,80.9,315463,BARRY M. GOLDWATER,19.1,74615,1964
Massachusetts,MA,14,LYNDON B. JOHNSON,76.2,1786422,BARRY M. GOLDWATER,23.4,549727,1964
Pennsylvania,PA,29,LYNDON B. JOHNSON,64.9,3130954,BARRY M. GOLDWATER,34.7,1673657,1964
New Jersey,NJ,17,LYNDON B. JOHNSON,65.6,1868231,BARRY M. GOLDWATER,33.9,964174,1964
Connecticut,CT,8,LYNDON B. JOHNSON,67.8,826269,BARRY M. GOLDWATER,32.1,390996,1964
Delaware,DE,3,LYNDON B. JOHNSON,60.9,122704,BARRY M. GOLDWATER,38.8,78078,1964
Maine,ME,4,LYNDON B. JOHNSON,68.8,262264,BARRY M. GOLDWATER,31.2,118701,1964
Vermont,VT,3,LYNDON B. JOHNSON,66.3,108127,BARRY M. GOLDWATER,33.7,54942,1964
New Hampshire,NH,4,LYNDON B. JOHNSON,63.9,184064,BARRY M. GOLDWATER,36.1,104029,1964
West Virginia,WV,7,LYNDON B. JOHNSON,67.9,538087,BARRY M. GOLDWATER,32.1,253953,1964
Maryland,MD,10,LYNDON B. JOHNSON,65.5,730912,BARRY M. GOLDWATER,34.5,385495,1964
Arkansas,AR,6,LYNDON B. JOHNSON,56.1,314197,BARRY M. GOLDWATER,43.4,243264,1964
North Carolina,NC,13,LYNDON B. JOHNSON,56.2,800139,BARRY M. GOLDWATER,43.8,624844,1964
Texas,TX,25,LYNDON B. JOHNSON,63.3,1663185,BARRY M. GOLDWATER,36.5,958566,1964
Kentucky,KY,9,LYNDON B. JOHNSON,64,669659,BARRY M. GOLDWATER,35.7,372977,1964
Virginia,VA,12,LYNDON B. JOHNSON,53.5,558038,BARRY M. GOLDWATER,46.2,481334,1964
Tennessee,TN,11,LYNDON B. JOHNSON,55.5,634947,BARRY M. GOLDWATER,44.5,508965,1964
Oklahoma,OK,8,LYNDON B. JOHNSON,55.7,519834,BARRY M. GOLDWATER,44.3,412665,1964
Florida,FL,14,LYNDON B. JOHNSON,51.1,948540,BARRY M. GOLDWATER,48.9,905941,1964
Nevada,NV,3,LYNDON B. JOHNSON,58.6,79339,BARRY M. GOLDWATER,41.4,56094,1964
New Mexico,NM,4,LYNDON B. JOHNSON,59,194015,BARRY M. GOLDWATER,40.4,132838,1964
Hawaii,HI,4,LYNDON B. JOHNSON,78.8,163249,BARRY M. GOLDWATER,21.2,44022,1964
Alaska,AK,3,LYNDON B. JOHNSON,65.9,44329,BARRY M. GOLDWATER,34.1,22930,1964
Washington,WA,9,LYNDON B. JOHNSON,62,779881,BARRY M. GOLDWATER,37.4,470366,1964
Montana,MT,4,LYNDON B. JOHNSON,58.9,164246,BARRY M. GOLDWATER,40.6,113032,1964
Idaho,ID,4,LYNDON B. JOHNSON,50.9,148920,BARRY M. GOLDWATER,49.1,143557,1964
Wyoming,WY,3,LYNDON B. JOHNSON,56.6,80718,BARRY M. GOLDWATER,43.4,61998,1964
Oregon,OR,6,LYNDON B. JOHNSON,63.7,501017,BARRY M. GOLDWATER,36,282779,1964
Colorado,CO,6,LYNDON B. JOHNSON,61.3,476024,BARRY M. GOLDWATER,38.2,296767,1964
California,CA,40,LYNDON B. JOHNSON,59.1,4171877,BARRY M. GOLDWATER,40.8,2879108,1964
Utah,UT,4,LYNDON B. JOHNSON,54.7,219628,BARRY M. GOLDWATER,45.3,181785,1964
South Carolina,SC,8,LYNDON B. JOHNSON,41.1,215723,BARRY M. GOLDWATER,58.9,309048,1964
Louisiana,LA,10,LYNDON B. JOHNSON,43.2,387068,BARRY M. GOLDWATER,56.8,509225,1964
Mississippi,MS,7,LYNDON B. JOHNSON,12.9,52618,BARRY M. GOLDWATER,87.1,356528,1964
Alabama,AL,10,LYNDON B. JOHNSON,30.5,210733,BARRY M. GOLDWATER,69.5,479085,1964
Georgia,GA,12,LYNDON B. JOHNSON,45.9,522556,BARRY M. GOLDWATER,54.1,616584,1964
Arizona,AZ,5,LYNDON B. JOHNSON,49.5,237753,BARRY M. GOLDWATER,50.4,242535,1964
Minnesota,MN,10,HUBERT HUMPHREY,54,857738,RICHARD NIXON,41.5,658643,1968
Michigan,MI,21,HUBERT HUMPHREY,48.2,1593082,RICHARD NIXON,41.5,1370665,1968
Maine,ME,4,HUBERT HUMPHREY,55.3,217312,RICHARD NIXON,43.1,169254,1968
New York,NY,43,HUBERT HUMPHREY,49.7,3378470,RICHARD NIXON,44.3,3007932,1968
Rhode Island,RI,4,HUBERT HUMPHREY,64,246518,RICHARD NIXON,31.8,122359,1968
Massachusetts,MA,14,HUBERT HUMPHREY,63,1469218,RICHARD NIXON,32.9,766844,1968
Pennsylvania,PA,29,HUBERT HUMPHREY,47.6,2259405,RICHARD NIXON,44,2090017,1968
Connecticut,CT,8,HUBERT HUMPHREY,49.5,621561,RICHARD NIXON,44.3,556721,1968
Dist. of Col.,DC,3,HUBERT HUMPHREY,81.8,139566,RICHARD NIXON,18.2,31012,1968
West Virginia,WV,7,HUBERT HUMPHREY,49.6,374091,RICHARD NIXON,40.8,307555,1968
Maryland,MD,10,HUBERT HUMPHREY,43.6,538310,RICHARD NIXON,41.9,517995,1968
Texas,TX,25,HUBERT HUMPHREY,41.1,1266804,RICHARD NIXON,39.9,1227844,1968
Washington,WA,9,HUBERT HUMPHREY,47.2,616037,RICHARD NIXON,45.1,588510,1968
Hawaii,HI,4,HUBERT HUMPHREY,59.8,141324,RICHARD NIXON,38.7,91425,1968
Arkansas,AR,6,HUBERT HUMPHREY,30.4,188228,RICHARD NIXON,30.8,190759,1968
Mississippi,MS,7,HUBERT HUMPHREY,23,150644,RICHARD NIXON,13.5,88516,1968
Louisiana,LA,10,HUBERT HUMPHREY,28.2,309615,RICHARD NIXON,23.5,257535,1968
Alabama,AL,10,HUBERT HUMPHREY,18.7,196579,RICHARD NIXON,14,146923,1968
Georgia,GA,12,HUBERT HUMPHREY,26.7,334440,RICHARD NIXON,30.4,380111,1968
North Dakota,ND,4,HUBERT HUMPHREY,38.2,94769,RICHARD NIXON,55.9,138669,1968
Wisconsin,WI,12,HUBERT HUMPHREY,44.3,748804,RICHARD NIXON,47.9,809997,1968
Illinois,IL,26,HUBERT HUMPHREY,44.2,2039814,RICHARD NIXON,47.1,2174774,1968
South Dakota,SD,4,HUBERT HUMPHREY,42,118023,RICHARD NIXON,53.3,149841,1968
Iowa,IA,9,HUBERT HUMPHREY,40.8,476699,RICHARD NIXON,53,619106,1968
Indiana,IN,13,HUBERT HUMPHREY,38,806659,RICHARD NIXON,50.3,1067885,1968
Ohio,OH,26,HUBERT HUMPHREY,42.9,1700586,RICHARD NIXON,45.2,1791014,1968
Nebraska,NE,5,HUBERT HUMPHREY,31.8,170784,RICHARD NIXON,59.8,321163,1968
Missouri,MO,12,HUBERT HUMPHREY,43.7,791444,RICHARD NIXON,44.9,811932,1968
Kansas,KS,7,HUBERT HUMPHREY,34.7,302996,RICHARD NIXON,54.8,478674,1968
Vermont,VT,3,HUBERT HUMPHREY,43.5,70255,RICHARD NIXON,52.8,85142,1968
New Hampshire,NH,4,HUBERT HUMPHREY,43.9,130589,RICHARD NIXON,52.1,154903,1968
New Jersey,NJ,17,HUBERT HUMPHREY,44,1264206,RICHARD NIXON,46.1,1325467,1968
Delaware,DE,3,HUBERT HUMPHREY,41.6,89194,RICHARD NIXON,45.1,96714,1968
Kentucky,KY,9,HUBERT HUMPHREY,37.6,397541,RICHARD NIXON,43.8,462411,1968
Virginia,VA,12,HUBERT HUMPHREY,32.5,442387,RICHARD NIXON,43.4,590319,1968
Tennessee,TN,11,HUBERT HUMPHREY,28.1,351233,RICHARD NIXON,37.8,472592,1968
North Carolina,NC,12,HUBERT HUMPHREY,29.2,464113,RICHARD NIXON,39.5,627192,1968
Oklahoma,OK,8,HUBERT HUMPHREY,32,301658,RICHARD NIXON,47.7,449697,1968
Florida,FL,14,HUBERT HUMPHREY,30.9,676794,RICHARD NIXON,40.5,886804,1968
South Carolina,SC,8,HUBERT HUMPHREY,29.6,197486,RICHARD NIXON,38.1,254062,1968
Alaska,AK,3,HUBERT HUMPHREY,42.6,35411,RICHARD NIXON,45.3,37600,1968
Montana,MT,4,HUBERT HUMPHREY,41.6,114117,RICHARD NIXON,50.6,138835,1968
Idaho,ID,4,HUBERT HUMPHREY,30.7,89273,RICHARD NIXON,56.8,165369,1968
Wyoming,WY,3,HUBERT HUMPHREY,35.5,45173,RICHARD NIXON,55.8,70927,1968
Oregon,OR,6,HUBERT HUMPHREY,43.8,358866,RICHARD NIXON,49.8,408433,1968
Nevada,NV,3,HUBERT HUMPHREY,39.3,60598,RICHARD NIXON,47.5,73188,1968
Colorado,CO,6,HUBERT HUMPHREY,41.3,335174,RICHARD NIXON,50.5,409345,1968
California,CA,40,HUBERT HUMPHREY,44.7,3244318,RICHARD NIXON,47.8,3467664,1968
Utah,UT,4,HUBERT HUMPHREY,31.1,156665,RICHARD NIXON,56.5,238728,1968
New Mexico,NM,4,HUBERT HUMPHREY,39.7,130081,RICHARD NIXON,51.8,169692,1968
Arizona,AZ,5,HUBERT HUMPHREY,35,170514,RICHARD NIXON,54.8,266721,1968ï»¿
Massachusetts,MA,14,GEORGE McGOVERN,54.2,1332540,RICHARD NIXON,45.2,1112078,1972
Dist. of Col.,DC,3,GEORGE McGOVERN,78.1,127627,RICHARD NIXON,21.6,35226,1972
Minnesota,MN,10,GEORGE McGOVERN,46.1,802346,RICHARD NIXON,51.6,898269,1972
Michigan,MI,21,GEORGE McGOVERN,41.8,1459435,RICHARD NIXON,56.2,1961721,1972
North Dakota,ND,3,GEORGE McGOVERN,35.8,100384,RICHARD NIXON,62.1,174109,1972
Wisconsin,WI,11,GEORGE McGOVERN,43.7,810174,RICHARD NIXON,53.4,989430,1972
Illinois,IL,26,GEORGE McGOVERN,40.5,1913472,RICHARD NIXON,59,2788179,1972
South Dakota,SD,4,GEORGE McGOVERN,45.5,139945,RICHARD NIXON,54.2,166476,1972
Iowa,IA,8,GEORGE McGOVERN,40.5,496206,RICHARD NIXON,57.6,706207,1972
Indiana,IN,13,GEORGE McGOVERN,33.3,708568,RICHARD NIXON,66.1,1405154,1972
Ohio,OH,25,GEORGE McGOVERN,38.1,1558889,RICHARD NIXON,59.6,2441827,1972
Nebraska,NE,5,GEORGE McGOVERN,29.5,169991,RICHARD NIXON,70.5,406298,1972
Missouri,MO,12,GEORGE McGOVERN,37.6,697147,RICHARD NIXON,62.2,1153852,1972
Kansas,KS,7,GEORGE McGOVERN,29.5,270287,RICHARD NIXON,67.7,619812,1972
Maine,ME,4,GEORGE McGOVERN,38.5,160584,RICHARD NIXON,61.5,256458,1972
New York,NY,41,GEORGE McGOVERN,41.2,2951084,RICHARD NIXON,58.5,4192778,1972
Rhode Island,RI,4,GEORGE McGOVERN,46.8,194645,RICHARD NIXON,53,220383,1972
Pennsylvania,PA,27,GEORGE McGOVERN,39.1,1796951,RICHARD NIXON,59.1,2714521,1972
Connecticut,CT,8,GEORGE McGOVERN,40.1,555498,RICHARD NIXON,58.6,810763,1972
Vermont,VT,3,GEORGE McGOVERN,36.5,68174,RICHARD NIXON,62.7,117149,1972
New Hampshire,NH,4,GEORGE McGOVERN,34.9,116435,RICHARD NIXON,64,213724,1972
New Jersey,NJ,17,GEORGE McGOVERN,36.8,1102211,RICHARD NIXON,61.6,1845502,1972
Delaware,DE,3,GEORGE McGOVERN,39.2,92283,RICHARD NIXON,59.6,140357,1972
West Virginia,WV,6,GEORGE McGOVERN,36.4,277435,RICHARD NIXON,63.6,484964,1972
Maryland,MD,10,GEORGE McGOVERN,37.4,505781,RICHARD NIXON,61.3,829305,1972
Texas,TX,26,GEORGE McGOVERN,33.3,1154289,RICHARD NIXON,66.2,2298896,1972
Arkansas,AR,6,GEORGE McGOVERN,30.7,199892,RICHARD NIXON,68.9,448541,1972
Louisiana,LA,10,GEORGE McGOVERN,28.4,298142,RICHARD NIXON,65.3,686852,1972
Mississippi,MS,7,GEORGE McGOVERN,19.6,126782,RICHARD NIXON,78.2,505125,1972
Alabama,AL,9,GEORGE McGOVERN,25.5,256923,RICHARD NIXON,72.4,728701,1972
Georgia,GA,12,GEORGE McGOVERN,24.6,289529,RICHARD NIXON,75,881496,1972
Kentucky,KY,9,GEORGE McGOVERN,34.8,371159,RICHARD NIXON,63.4,676446,1972
Virginia,VA,11,GEORGE McGOVERN,30.1,438887,RICHARD NIXON,67.8,988493,1972
Tennessee,TN,10,GEORGE McGOVERN,29.7,357293,RICHARD NIXON,67.7,813147,1972
North Carolina,NC,13,GEORGE McGOVERN,28.9,438705,RICHARD NIXON,69.5,1054889,1972
South Carolina,SC,8,GEORGE McGOVERN,27.7,186824,RICHARD NIXON,70.8,477044,1972
Oklahoma,OK,8,GEORGE McGOVERN,24,247147,RICHARD NIXON,73.7,759025,1972
Florida,FL,17,GEORGE McGOVERN,27.8,718117,RICHARD NIXON,71.9,1857759,1972
Washington,WA,9,GEORGE McGOVERN,38.6,568334,RICHARD NIXON,56.9,837135,1972
Hawaii,HI,4,GEORGE McGOVERN,37.5,101409,RICHARD NIXON,62.5,168865,1972
Alaska,AK,3,GEORGE McGOVERN,34.6,32967,RICHARD NIXON,58.1,55349,1972
Montana,MT,4,GEORGE McGOVERN,37.8,120197,RICHARD NIXON,57.9,183976,1972
Idaho,ID,4,GEORGE McGOVERN,26,80826,RICHARD NIXON,64.2,199384,1972
Wyoming,WY,3,GEORGE McGOVERN,30.5,44358,RICHARD NIXON,69,100464,1972
Oregon,OR,6,GEORGE McGOVERN,42.3,392760,RICHARD NIXON,52.4,486686,1972
Nevada,NV,3,GEORGE McGOVERN,36.3,66016,RICHARD NIXON,63.7,115750,1972
Colorado,CO,7,GEORGE McGOVERN,34.6,329980,RICHARD NIXON,62.6,597189,1972
California,CA,45,GEORGE McGOVERN,41.5,3475847,RICHARD NIXON,55,4602096,1972
Utah,UT,4,GEORGE McGOVERN,26.4,126284,RICHARD NIXON,67.6,323643,1972
Arizona,AZ,6,GEORGE McGOVERN,31.9,198540,RICHARD NIXON,64.7,402812,1972
New Mexico,NM,4,GEORGE McGOVERN,36.5,141084,RICHARD NIXON,61,235606,1972
Minnesota,MN,10,JIMMY CARTER,54.9,1070440,GERALD R. FORD,42,819395,1976
Wisconsin,WI,11,JIMMY CARTER,49.4,1040232,GERALD R. FORD,47.8,1004987,1976
Ohio,OH,25,JIMMY CARTER,48.9,2011621,GERALD R. FORD,48.7,2000505,1976
Missouri,MO,12,JIMMY CARTER,51.1,998387,GERALD R. FORD,47.5,927443,1976
Massachusetts,MA,14,JIMMY CARTER,56.1,1429475,GERALD R. FORD,40.4,1030276,1976
Dist. of Col.,DC,3,JIMMY CARTER,81.6,137818,GERALD R. FORD,16.5,27873,1976
New York,NY,41,JIMMY CARTER,51.9,3389558,GERALD R. FORD,47.5,3100791,1976
Rhode Island,RI,4,JIMMY CARTER,55.4,227636,GERALD R. FORD,44.1,181249,1976
Pennsylvania,PA,27,JIMMY CARTER,50.4,2328677,GERALD R. FORD,47.7,2205604,1976
Delaware,DE,3,JIMMY CARTER,52,122596,GERALD R. FORD,46.6,109831,1976
Kentucky,KY,9,JIMMY CARTER,52.8,615717,GERALD R. FORD,45.6,531852,1976
West Virginia,WV,6,JIMMY CARTER,58,435914,GERALD R. FORD,41.9,314760,1976
Maryland,MD,10,JIMMY CARTER,52.8,759612,GERALD R. FORD,46.7,672661,1976
Arkansas,AR,6,JIMMY CARTER,65,498604,GERALD R. FORD,34.9,267903,1976
Tennessee,TN,10,JIMMY CARTER,55.9,825879,GERALD R. FORD,42.9,633969,1976
North Carolina,NC,13,JIMMY CARTER,55.2,927365,GERALD R. FORD,44.2,741960,1976
South Carolina,SC,8,JIMMY CARTER,56.2,450807,GERALD R. FORD,43.1,346149,1976
Louisiana,LA,10,JIMMY CARTER,51.7,661365,GERALD R. FORD,46,587446,1976
Mississippi,MS,7,JIMMY CARTER,49.6,381309,GERALD R. FORD,47.7,366846,1976
Alabama,AL,9,JIMMY CARTER,55.7,659170,GERALD R. FORD,42.6,504070,1976
Georgia,GA,12,JIMMY CARTER,66.7,979409,GERALD R. FORD,33,483743,1976
Texas,TX,26,JIMMY CARTER,51.1,2082319,GERALD R. FORD,48,1953300,1976
Florida,FL,17,JIMMY CARTER,51.9,1636000,GERALD R. FORD,46.6,1469531,1976
Hawaii,HI,4,JIMMY CARTER,50.6,147375,GERALD R. FORD,48.1,140003,1976
North Dakota,ND,3,JIMMY CARTER,45.8,136078,GERALD R. FORD,51.6,153470,1976
Michigan,MI,21,JIMMY CARTER,46.4,1696714,GERALD R. FORD,51.8,1893742,1976
Illinois,IL,26,JIMMY CARTER,48.1,2271295,GERALD R. FORD,50.1,2364269,1976
South Dakota,SD,4,JIMMY CARTER,48.9,147068,GERALD R. FORD,50.4,151505,1976
Iowa,IA,8,JIMMY CARTER,48.5,619931,GERALD R. FORD,49.5,632863,1976
Indiana,IN,13,JIMMY CARTER,45.7,1014714,GERALD R. FORD,53.3,1183958,1976
Nebraska,NE,5,JIMMY CARTER,38.5,233692,GERALD R. FORD,59.2,359705,1976
Kansas,KS,7,JIMMY CARTER,44.9,430421,GERALD R. FORD,52.5,502752,1976
Maine,ME,4,JIMMY CARTER,48.1,232279,GERALD R. FORD,48.9,236320,1976
Vermont,VT,3,JIMMY CARTER,43.1,80954,GERALD R. FORD,54.4,102085,1976
New Hampshire,NH,4,JIMMY CARTER,43.5,147635,GERALD R. FORD,54.7,185935,1976
New Jersey,NJ,17,JIMMY CARTER,47.9,1444653,GERALD R. FORD,50.1,1509688,1976
Connecticut,CT,8,JIMMY CARTER,46.9,647895,GERALD R. FORD,52.1,719261,1976
Virginia,VA,12,JIMMY CARTER,48,813896,GERALD R. FORD,49.3,836554,1976
Oklahoma,OK,8,JIMMY CARTER,48.7,532442,GERALD R. FORD,50,545708,1976
Alaska,AK,3,JIMMY CARTER,35.7,44058,GERALD R. FORD,57.9,71555,1976
Washington,WA,8,JIMMY CARTER,46.1,717323,GERALD R. FORD,50,777732,1976
Montana,MT,4,JIMMY CARTER,45.4,149259,GERALD R. FORD,52.8,173703,1976
Idaho,ID,4,JIMMY CARTER,36.8,126549,GERALD R. FORD,59.3,204151,1976
Wyoming,WY,3,JIMMY CARTER,39.8,62239,GERALD R. FORD,59.3,92717,1976
Oregon,OR,6,JIMMY CARTER,47.6,490407,GERALD R. FORD,47.8,492120,1976
Nevada,NV,3,JIMMY CARTER,45.8,92479,GERALD R. FORD,50.2,101273,1976
Colorado,CO,7,JIMMY CARTER,42.6,460353,GERALD R. FORD,54,584367,1976
California,CA,45,JIMMY CARTER,47.6,3742284,GERALD R. FORD,49.3,3882244,1976
Utah,UT,4,JIMMY CARTER,33.6,182110,GERALD R. FORD,62.4,337908,1976
Arizona,AZ,6,JIMMY CARTER,39.8,295602,GERALD R. FORD,56.4,418642,1976
New Mexico,NM,4,JIMMY CARTER,48.1,201148,GERALD R. FORD,50.5,211419,1976
Minnesota,MN,10,JIMMY CARTER,46.5,954174,RONALD REAGAN,42.6,873268,1980
Rhode Island,RI,4,JIMMY CARTER,47.7,198342,RONALD REAGAN,37.2,154793,1980
Dist. of Col.,DC,3,JIMMY CARTER,74.8,131113,RONALD REAGAN,13.4,23545,1980
West Virginia,WV,6,JIMMY CARTER,49.8,367462,RONALD REAGAN,45.3,334206,1980
Maryland,MD,10,JIMMY CARTER,47.1,726161,RONALD REAGAN,44.2,680606,1980
Georgia,GA,12,JIMMY CARTER,55.8,890733,RONALD REAGAN,41,654168,1980
Hawaii,HI,4,JIMMY CARTER,44.8,135879,RONALD REAGAN,42.9,130112,1980
Wisconsin,WI,11,JIMMY CARTER,43.2,981584,RONALD REAGAN,47.9,1088845,1980
Ohio,OH,25,JIMMY CARTER,40.9,1752414,RONALD REAGAN,51.5,2206545,1980
Missouri,MO,12,JIMMY CARTER,44.3,931182,RONALD REAGAN,51.2,1074181,1980
North Dakota,ND,3,JIMMY CARTER,26.3,79189,RONALD REAGAN,64.2,193695,1980
Michigan,MI,21,JIMMY CARTER,42.5,1661532,RONALD REAGAN,49,1915225,1980
Illinois,IL,26,JIMMY CARTER,41.7,1981413,RONALD REAGAN,49.6,2358049,1980
South Dakota,SD,4,JIMMY CARTER,31.7,103855,RONALD REAGAN,60.5,198343,1980
Iowa,IA,8,JIMMY CARTER,38.6,508672,RONALD REAGAN,51.3,676026,1980
Indiana,IN,13,JIMMY CARTER,37.7,844197,RONALD REAGAN,56,1255656,1980
Nebraska,NE,5,JIMMY CARTER,26,166851,RONALD REAGAN,65.5,419937,1980
Kansas,KS,7,JIMMY CARTER,33.3,326150,RONALD REAGAN,57.9,566812,1980
New York,NY,41,JIMMY CARTER,44,2728372,RONALD REAGAN,46.7,2893831,1980
Massachusetts,MA,14,JIMMY CARTER,41.7,1053802,RONALD REAGAN,41.9,1057631,1980
Pennsylvania,PA,27,JIMMY CARTER,42.5,1937540,RONALD REAGAN,49.6,2261872,1980
Delaware,DE,3,JIMMY CARTER,44.8,105754,RONALD REAGAN,47.2,111252,1980
Maine,ME,4,JIMMY CARTER,42.3,220974,RONALD REAGAN,45.6,238522,1980
Vermont,VT,3,JIMMY CARTER,38.4,81952,RONALD REAGAN,44.4,94628,1980
New Hampshire,NH,4,JIMMY CARTER,28.4,108864,RONALD REAGAN,57.7,221705,1980
New Jersey,NJ,17,JIMMY CARTER,38.6,1147364,RONALD REAGAN,52,1546557,1980
Connecticut,CT,8,JIMMY CARTER,38.5,541732,RONALD REAGAN,48.2,677210,1980
Kentucky,KY,9,JIMMY CARTER,47.6,616417,RONALD REAGAN,49.1,635274,1980
Arkansas,AR,6,JIMMY CARTER,47.5,398041,RONALD REAGAN,48.1,403164,1980
Tennessee,TN,10,JIMMY CARTER,48.4,783051,RONALD REAGAN,48.7,787761,1980
North Carolina,NC,13,JIMMY CARTER,47.2,875635,RONALD REAGAN,49.3,915018,1980
South Carolina,SC,8,JIMMY CARTER,48.1,430385,RONALD REAGAN,49.4,441841,1980
Louisiana,LA,10,JIMMY CARTER,45.7,708453,RONALD REAGAN,51.2,792853,1980
Mississippi,MS,7,JIMMY CARTER,48.1,429281,RONALD REAGAN,49.4,441089,1980
Alabama,AL,9,JIMMY CARTER,47.4,636730,RONALD REAGAN,48.8,654192,1980
Texas,TX,26,JIMMY CARTER,41.4,1881147,RONALD REAGAN,55.3,2510705,1980
Florida,FL,17,JIMMY CARTER,38.5,1419475,RONALD REAGAN,55.5,2046951,1980
Virginia,VA,12,JIMMY CARTER,40.3,752174,RONALD REAGAN,53,989609,1980
Oklahoma,OK,8,JIMMY CARTER,35,402026,RONALD REAGAN,60.5,695570,1980
Alaska,AK,3,JIMMY CARTER,26.4,41842,RONALD REAGAN,54.3,86112,1980
Washington,WA,9,JIMMY CARTER,37.3,650193,RONALD REAGAN,49.7,865244,1980
Montana,MT,4,JIMMY CARTER,32.4,118032,RONALD REAGAN,56.8,206814,1980
Idaho,ID,4,JIMMY CARTER,25.2,110192,RONALD REAGAN,66.5,290699,1980
Wyoming,WY,3,JIMMY CARTER,28,49427,RONALD REAGAN,62.6,110700,1980
Oregon,OR,6,JIMMY CARTER,38.7,456890,RONALD REAGAN,48.3,571044,1980
Nevada,NV,3,JIMMY CARTER,26.9,66666,RONALD REAGAN,62.5,155017,1980
Colorado,CO,7,JIMMY CARTER,31.1,367973,RONALD REAGAN,55.1,652264,1980
California,CA,45,JIMMY CARTER,35.9,3083661,RONALD REAGAN,52.7,4524858,1980
Utah,UT,4,JIMMY CARTER,20.6,124266,RONALD REAGAN,72.8,439687,1980
Arizona,AZ,6,JIMMY CARTER,28.2,246843,RONALD REAGAN,60.6,529688,1980
New Mexico,NM,4,JIMMY CARTER,36.7,167826,RONALD REAGAN,54.9,250779,1980
Minnesota,MN,10,WALTER MONDALE,49.7,1036364,RONALD REAGAN,49.5,1032603,1984
Dist. of Col.,DC,3,WALTER MONDALE,85.4,180408,RONALD REAGAN,13.7,29009,1984
North Dakota,ND,3,WALTER MONDALE,33.8,104429,RONALD REAGAN,64.8,200336,1984
Wisconsin,WI,11,WALTER MONDALE,45,995740,RONALD REAGAN,54.2,1198584,1984
Michigan,MI,20,WALTER MONDALE,40.2,1529638,RONALD REAGAN,59.2,2251571,1984
Illinois,IL,24,WALTER MONDALE,43.3,2086499,RONALD REAGAN,56.2,2707103,1984
South Dakota,SD,3,WALTER MONDALE,36.5,116113,RONALD REAGAN,63,200267,1984
Iowa,IA,8,WALTER MONDALE,45.9,605620,RONALD REAGAN,53.3,703088,1984
Indiana,IN,12,WALTER MONDALE,37.7,841481,RONALD REAGAN,61.7,1377230,1984
Ohio,OH,23,WALTER MONDALE,40.1,1825440,RONALD REAGAN,58.9,2678560,1984
Nebraska,NE,5,WALTER MONDALE,28.8,187866,RONALD REAGAN,70.6,460054,1984
Missouri,MO,11,WALTER MONDALE,40,848583,RONALD REAGAN,60,1274188,1984
Kansas,KS,7,WALTER MONDALE,32.6,333149,RONALD REAGAN,66.3,677296,1984
Rhode Island,RI,4,WALTER MONDALE,48,197106,RONALD REAGAN,51.7,212080,1984
Maine,ME,4,WALTER MONDALE,38.8,214515,RONALD REAGAN,60.8,336500,1984
Vermont,VT,3,WALTER MONDALE,40.8,95730,RONALD REAGAN,57.9,135865,1984
New Hampshire,NH,4,WALTER MONDALE,30.9,120395,RONALD REAGAN,68.6,267051,1984
New York,NY,36,WALTER MONDALE,45.8,3119609,RONALD REAGAN,53.8,3664763,1984
Massachusetts,MA,13,WALTER MONDALE,48.4,1239606,RONALD REAGAN,51.2,1310936,1984
Pennsylvania,PA,25,WALTER MONDALE,46,2228131,RONALD REAGAN,53.3,2584323,1984
New Jersey,NJ,16,WALTER MONDALE,39.2,1261323,RONALD REAGAN,60.1,1933630,1984
Connecticut,CT,8,WALTER MONDALE,38.8,569597,RONALD REAGAN,60.7,890877,1984
Delaware,DE,3,WALTER MONDALE,39.9,101656,RONALD REAGAN,59.8,152190,1984
West Virginia,WV,6,WALTER MONDALE,44.6,328125,RONALD REAGAN,55.1,405483,1984
Maryland,MD,10,WALTER MONDALE,47,787935,RONALD REAGAN,52.5,879918,1984
Georgia,GA,12,WALTER MONDALE,39.8,706628,RONALD REAGAN,60.2,1068722,1984
Kentucky,KY,9,WALTER MONDALE,39.4,539539,RONALD REAGAN,60,821702,1984
Virginia,VA,12,WALTER MONDALE,37.1,796250,RONALD REAGAN,62.3,1337078,1984
Arkansas,AR,6,WALTER MONDALE,38.3,338646,RONALD REAGAN,60.5,534774,1984
Tennessee,TN,11,WALTER MONDALE,41.6,711714,RONALD REAGAN,57.8,990212,1984
North Carolina,NC,13,WALTER MONDALE,37.9,824287,RONALD REAGAN,61.9,1346481,1984
South Carolina,SC,8,WALTER MONDALE,35.6,344459,RONALD REAGAN,63.6,615539,1984
Oklahoma,OK,8,WALTER MONDALE,30.7,385080,RONALD REAGAN,68.6,861530,1984
Louisiana,LA,10,WALTER MONDALE,38.2,651586,RONALD REAGAN,60.8,1037299,1984
Mississippi,MS,7,WALTER MONDALE,37.4,352192,RONALD REAGAN,61.9,582377,1984
Alabama,AL,9,WALTER MONDALE,38.3,551899,RONALD REAGAN,60.5,872849,1984
Texas,TX,29,WALTER MONDALE,36.1,1949276,RONALD REAGAN,63.6,3433428,1984
Florida,FL,21,WALTER MONDALE,34.7,1448816,RONALD REAGAN,65.3,2730350,1984
Hawaii,HI,4,WALTER MONDALE,43.8,147154,RONALD REAGAN,55.1,185050,1984
Alaska,AK,3,WALTER MONDALE,29.9,62007,RONALD REAGAN,66.7,138377,1984
Washington,WA,10,WALTER MONDALE,42.9,807352,RONALD REAGAN,55.8,1051670,1984
Montana,MT,4,WALTER MONDALE,38.2,146742,RONALD REAGAN,60.5,232450,1984
Idaho,ID,4,WALTER MONDALE,26.4,108510,RONALD REAGAN,72.4,297523,1984
Wyoming,WY,3,WALTER MONDALE,28.2,53370,RONALD REAGAN,70.5,133241,1984
Oregon,OR,7,WALTER MONDALE,43.7,536479,RONALD REAGAN,55.9,685700,1984
Nevada,NV,4,WALTER MONDALE,32,91655,RONALD REAGAN,65.8,188770,1984
Colorado,CO,8,WALTER MONDALE,35.1,454975,RONALD REAGAN,63.4,821817,1984
California,CA,47,WALTER MONDALE,41.3,3922519,RONALD REAGAN,57.5,5467009,1984
Utah,UT,5,WALTER MONDALE,24.7,155369,RONALD REAGAN,74.5,469105,1984
Arizona,AZ,7,WALTER MONDALE,32.5,333854,RONALD REAGAN,66.4,681416,1984
New Mexico,NM,5,WALTER MONDALE,39.2,201769,RONALD REAGAN,59.7,307101,1984
Minnesota,MN,10,MICHAEL S. DUKAKIS,52.9,1109471,GEORGE BUSH,45.9,962337,1988
Wisconsin,WI,11,MICHAEL S. DUKAKIS,51.4,1126794,GEORGE BUSH,47.8,1047499,1988
Iowa,IA,8,MICHAEL S. DUKAKIS,54.7,670557,GEORGE BUSH,44.5,545355,1988
Dist. of Col.,DC,3,MICHAEL S. DUKAKIS,82.6,159407,GEORGE BUSH,14.3,27590,1988
New York,NY,36,MICHAEL S. DUKAKIS,51.6,3347882,GEORGE BUSH,47.5,3081871,1988
Rhode Island,RI,4,MICHAEL S. DUKAKIS,55.6,225123,GEORGE BUSH,43.9,177761,1988
Massachusetts,MA,13,MICHAEL S. DUKAKIS,53.2,1401415,GEORGE BUSH,45.4,1194635,1988
West Virginia,WV,5,MICHAEL S. DUKAKIS,52.2,341016,GEORGE BUSH,47.5,310065,1988
Washington,WA,10,MICHAEL S. DUKAKIS,50,933516,GEORGE BUSH,48.5,903835,1988
Oregon,OR,7,MICHAEL S. DUKAKIS,51.3,616206,GEORGE BUSH,46.6,560126,1988
Hawaii,HI,4,MICHAEL S. DUKAKIS,54.3,192364,GEORGE BUSH,44.8,158625,1988
North Dakota,ND,3,MICHAEL S. DUKAKIS,43,127739,GEORGE BUSH,56,166559,1988
Michigan,MI,20,MICHAEL S. DUKAKIS,45.7,1675783,GEORGE BUSH,53.6,1965486,1988
Illinois,IL,24,MICHAEL S. DUKAKIS,48.6,2215940,GEORGE BUSH,50.7,2310939,1988
South Dakota,SD,3,MICHAEL S. DUKAKIS,46.5,145560,GEORGE BUSH,52.8,165415,1988
Indiana,IN,12,MICHAEL S. DUKAKIS,39.7,860643,GEORGE BUSH,59.8,1297763,1988
Ohio,OH,23,MICHAEL S. DUKAKIS,44.1,1939629,GEORGE BUSH,55,2416549,1988
Nebraska,NE,5,MICHAEL S. DUKAKIS,39.2,259235,GEORGE BUSH,60.2,397956,1988
Missouri,MO,11,MICHAEL S. DUKAKIS,47.8,1001619,GEORGE BUSH,51.8,1084953,1988
Kansas,KS,7,MICHAEL S. DUKAKIS,42.6,422636,GEORGE BUSH,55.8,554049,1988
Maine,ME,4,MICHAEL S. DUKAKIS,43.9,243569,GEORGE BUSH,55.3,307131,1988
Vermont,VT,3,MICHAEL S. DUKAKIS,47.6,115775,GEORGE BUSH,51.1,124331,1988
New Hampshire,NH,4,MICHAEL S. DUKAKIS,36.3,163696,GEORGE BUSH,62.4,281537,1988
Pennsylvania,PA,25,MICHAEL S. DUKAKIS,48.4,2194944,GEORGE BUSH,50.7,2300087,1988
New Jersey,NJ,16,MICHAEL S. DUKAKIS,42.6,1320352,GEORGE BUSH,56.2,1743192,1988
Connecticut,CT,8,MICHAEL S. DUKAKIS,46.9,676584,GEORGE BUSH,52,750241,1988
Delaware,DE,3,MICHAEL S. DUKAKIS,43.5,108647,GEORGE BUSH,55.9,139639,1988
Kentucky,KY,9,MICHAEL S. DUKAKIS,43.9,580368,GEORGE BUSH,55.5,734281,1988
Maryland,MD,10,MICHAEL S. DUKAKIS,48.2,826304,GEORGE BUSH,51.1,876167,1988
Virginia,VA,12,MICHAEL S. DUKAKIS,39.2,859799,GEORGE BUSH,59.7,1309162,1988
Arkansas,AR,6,MICHAEL S. DUKAKIS,42.2,349237,GEORGE BUSH,56.4,466578,1988
Tennessee,TN,11,MICHAEL S. DUKAKIS,41.5,679794,GEORGE BUSH,57.9,947233,1988
North Carolina,NC,13,MICHAEL S. DUKAKIS,41.7,890167,GEORGE BUSH,58,1237258,1988
South Carolina,SC,8,MICHAEL S. DUKAKIS,37.6,370554,GEORGE BUSH,61.5,606443,1988
Oklahoma,OK,8,MICHAEL S. DUKAKIS,41.3,483423,GEORGE BUSH,57.9,678367,1988
Louisiana,LA,10,MICHAEL S. DUKAKIS,44.1,717460,GEORGE BUSH,54.3,883702,1988
Mississippi,MS,7,MICHAEL S. DUKAKIS,39.1,363921,GEORGE BUSH,59.9,557890,1988
Alabama,AL,9,MICHAEL S. DUKAKIS,39.9,549506,GEORGE BUSH,59.2,815576,1988
Georgia,GA,12,MICHAEL S. DUKAKIS,39.5,714792,GEORGE BUSH,59.8,1081331,1988
Texas,TX,29,MICHAEL S. DUKAKIS,43.3,2352748,GEORGE BUSH,56,3036829,1988
Florida,FL,21,MICHAEL S. DUKAKIS,38.5,1656701,GEORGE BUSH,60.9,2618885,1988
Alaska,AK,3,MICHAEL S. DUKAKIS,36.3,72584,GEORGE BUSH,59.6,119251,1988
Montana,MT,4,MICHAEL S. DUKAKIS,46.2,168936,GEORGE BUSH,52.1,190412,1988
Idaho,ID,4,MICHAEL S. DUKAKIS,36,147272,GEORGE BUSH,62.1,253881,1988
Wyoming,WY,3,MICHAEL S. DUKAKIS,38,67113,GEORGE BUSH,60.5,106867,1988
Nevada,NV,4,MICHAEL S. DUKAKIS,37.9,132738,GEORGE BUSH,58.9,206040,1988
Colorado,CO,8,MICHAEL S. DUKAKIS,45.3,621453,GEORGE BUSH,53.1,728177,1988
California,CA,47,MICHAEL S. DUKAKIS,47.6,4702233,GEORGE BUSH,51.1,5054917,1988
Utah,UT,5,MICHAEL S. DUKAKIS,32,207343,GEORGE BUSH,66.2,428442,1988
Arizona,AZ,7,MICHAEL S. DUKAKIS,38.7,454029,GEORGE BUSH,60,702541,1988
New Mexico,NM,5,MICHAEL S. DUKAKIS,46.9,244497,GEORGE BUSH,51.9,270341,1988
Minnesota,MN,10,BILL CLINTON,43.5,1020997,GEORGE BUSH,31.9,747841,1992
Wisconsin,WI,11,BILL CLINTON,41.1,1041066,GEORGE BUSH,36.8,930855,1992
Iowa,IA,7,BILL CLINTON,43.3,586353,GEORGE BUSH,37.3,504891,1992
Michigan,MI,18,BILL CLINTON,43.8,1871182,GEORGE BUSH,36.4,1554940,1992
Illinois,IL,22,BILL CLINTON,48.6,2453350,GEORGE BUSH,34.3,1734096,1992
Ohio,OH,21,BILL CLINTON,40.2,1984942,GEORGE BUSH,38.3,1894310,1992
Missouri,MO,11,BILL CLINTON,44.1,1053873,GEORGE BUSH,33.9,811159,1992
New York,NY,33,BILL CLINTON,49.7,3444450,GEORGE BUSH,33.9,2346649,1992
Rhode Island,RI,4,BILL CLINTON,47,213299,GEORGE BUSH,29,131601,1992
Massachusetts,MA,12,BILL CLINTON,47.5,1318662,GEORGE BUSH,29,805049,1992
Dist. of Col.,DC,3,BILL CLINTON,84.6,192619,GEORGE BUSH,9.1,20698,1992
Maine,ME,4,BILL CLINTON,38.8,263420,GEORGE BUSH,30.4,206504,1992
Vermont,VT,3,BILL CLINTON,46.1,133592,GEORGE BUSH,30.4,88122,1992
New Hampshire,NH,4,BILL CLINTON,38.9,209040,GEORGE BUSH,37.6,202484,1992
Pennsylvania,PA,23,BILL CLINTON,45.1,2239164,GEORGE BUSH,36.1,1791841,1992
New Jersey,NJ,15,BILL CLINTON,43,1436206,GEORGE BUSH,40.6,1356865,1992
Connecticut,CT,8,BILL CLINTON,42.2,682318,GEORGE BUSH,35.8,578313,1992
Delaware,DE,3,BILL CLINTON,43.5,126054,GEORGE BUSH,35.3,102313,1992
West Virginia,WV,5,BILL CLINTON,48.4,331001,GEORGE BUSH,35.4,241974,1992
Kentucky,KY,8,BILL CLINTON,44.6,665104,GEORGE BUSH,41.3,617178,1992
Maryland,MD,10,BILL CLINTON,49.8,988571,GEORGE BUSH,35.6,707094,1992
Arkansas,AR,6,BILL CLINTON,53.2,505823,GEORGE BUSH,35.5,337324,1992
Tennessee,TN,11,BILL CLINTON,47.1,933521,GEORGE BUSH,42.4,841300,1992
Louisiana,LA,9,BILL CLINTON,45.6,815971,GEORGE BUSH,41,733386,1992
Georgia,GA,13,BILL CLINTON,43.5,1008966,GEORGE BUSH,42.9,995252,1992
Washington,WA,11,BILL CLINTON,43.4,993037,GEORGE BUSH,32,731234,1992
Oregon,OR,7,BILL CLINTON,42.5,621314,GEORGE BUSH,32.5,475757,1992
Hawaii,HI,4,BILL CLINTON,48.1,179310,GEORGE BUSH,36.7,136822,1992
Montana,MT,3,BILL CLINTON,37.6,154507,GEORGE BUSH,35.1,144207,1992
Nevada,NV,4,BILL CLINTON,37.4,189148,GEORGE BUSH,34.7,175828,1992
Colorado,CO,8,BILL CLINTON,40.1,629681,GEORGE BUSH,35.9,562850,1992
California,CA,54,BILL CLINTON,46,5121325,GEORGE BUSH,32.6,3630574,1992
New Mexico,NM,5,BILL CLINTON,45.9,261617,GEORGE BUSH,37.3,212824,1992
North Dakota,ND,3,BILL CLINTON,32.2,99168,GEORGE BUSH,44.2,136244,1992
South Dakota,SD,3,BILL CLINTON,37.1,124888,GEORGE BUSH,40.7,136718,1992
Indiana,IN,12,BILL CLINTON,36.8,848420,GEORGE BUSH,42.9,989375,1992
Nebraska,NE,5,BILL CLINTON,29.4,216864,GEORGE BUSH,46.6,343678,1992
Kansas,KS,6,BILL CLINTON,33.7,390434,GEORGE BUSH,38.9,449951,1992
Virginia,VA,13,BILL CLINTON,40.6,1038650,GEORGE BUSH,45,1150517,1992
North Carolina,NC,14,BILL CLINTON,42.7,1114042,GEORGE BUSH,43.4,1134661,1992
South Carolina,SC,8,BILL CLINTON,39.9,479514,GEORGE BUSH,48,577507,1992
Oklahoma,OK,8,BILL CLINTON,34,473066,GEORGE BUSH,42.6,592929,1992
Mississippi,MS,7,BILL CLINTON,40.8,400258,GEORGE BUSH,49.7,487793,1992
Alabama,AL,9,BILL CLINTON,40.9,690080,GEORGE BUSH,47.6,804283,1992
Texas,TX,32,BILL CLINTON,37.1,2281815,GEORGE BUSH,40.6,2496071,1992
Florida,FL,25,BILL CLINTON,39,2072698,GEORGE BUSH,40.9,2173310,1992
Alaska,AK,3,BILL CLINTON,30.3,78294,GEORGE BUSH,39.5,102000,1992
Idaho,ID,4,BILL CLINTON,28.4,137013,GEORGE BUSH,42,202645,1992
Wyoming,WY,3,BILL CLINTON,34,68160,GEORGE BUSH,39.6,79347,1992
Utah,UT,5,BILL CLINTON,24.7,183429,GEORGE BUSH,43.4,322632,1992
Arizona,AZ,8,BILL CLINTON,36.5,543050,GEORGE BUSH,38.5,572086,1992ï»¿
Minnesota,MN,10,BILL CLINTON,51.1,1120438,ROBERT DOLEÂ ,35,766476,1996
Wisconsin,WI,11,BILL CLINTON,48.8,1071971,ROBERT DOLEÂ ,38.5,845029,1996
Michigan,MI,18,BILL CLINTON,51.7,1989653,ROBERT DOLEÂ ,38.5,1481212,1996
Illinois,IL,22,BILL CLINTON,54.3,2341744,ROBERT DOLEÂ ,36.8,1587021,1996
Iowa,IA,7,BILL CLINTON,50.3,620258,ROBERT DOLEÂ ,39.9,492644,1996
Ohio,OH,21,BILL CLINTON,47.4,2148222,ROBERT DOLEÂ ,41,1859883,1996
Missouri,MO,11,BILL CLINTON,47.5,1025935,ROBERT DOLEÂ ,41.2,890016,1996
Maine,ME,4,BILL CLINTON,51.6,312788,ROBERT DOLEÂ ,30.8,186378,1996
Vermont,VT,3,BILL CLINTON,53.4,137894,ROBERT DOLEÂ ,31.1,80352,1996
New Hampshire,NH,4,BILL CLINTON,49.3,246214,ROBERT DOLEÂ ,39.4,196532,1996
New York,NY,33,BILL CLINTON,59.5,3756177,ROBERT DOLEÂ ,30.6,1933492,1996
Rhode Island,RI,4,BILL CLINTON,59.7,233050,ROBERT DOLEÂ ,26.8,104683,1996
Massachusetts,MA,12,BILL CLINTON,61.5,1571763,ROBERT DOLEÂ ,28.1,718107,1996
Pennsylvania,PA,23,BILL CLINTON,49.2,2215819,ROBERT DOLEÂ ,40,1801169,1996
New Jersey,NJ,15,BILL CLINTON,53.7,1652329,ROBERT DOLEÂ ,35.9,1103078,1996
Connecticut,CT,8,BILL CLINTON,52.8,735740,ROBERT DOLEÂ ,34.7,483109,1996
Dist. of Col.,DC,3,BILL CLINTON,85.2,158220,ROBERT DOLEÂ ,9.3,17339,1996
Delaware,DE,3,BILL CLINTON,51.8,140355,ROBERT DOLEÂ ,36.6,99062,1996
Kentucky,KY,8,BILL CLINTON,45.8,636614,ROBERT DOLEÂ ,44.9,623283,1996
West Virginia,WV,5,BILL CLINTON,51.5,327812,ROBERT DOLEÂ ,36.8,233946,1996
Maryland,MD,10,BILL CLINTON,54.3,966207,ROBERT DOLEÂ ,38.3,681530,1996
Arkansas,AR,6,BILL CLINTON,53.7,475171,ROBERT DOLEÂ ,36.8,325416,1996
Tennessee,TN,11,BILL CLINTON,48,909146,ROBERT DOLEÂ ,45.6,863530,1996
Louisiana,LA,9,BILL CLINTON,52,927837,ROBERT DOLEÂ ,39.9,712586,1996
Florida,FL,25,BILL CLINTON,48,2546870,ROBERT DOLEÂ ,42.3,2244536,1996
Washington,WA,11,BILL CLINTON,49.8,1123323,ROBERT DOLEÂ ,37.3,840712,1996
Oregon,OR,7,BILL CLINTON,47.2,649641,ROBERT DOLEÂ ,39.1,538152,1996
Nevada,NV,4,BILL CLINTON,43.9,203974,ROBERT DOLEÂ ,42.9,199244,1996
California,CA,54,BILL CLINTON,51.1,5119835,ROBERT DOLEÂ ,38.2,3828380,1996
New Mexico,NM,5,BILL CLINTON,49.2,273495,ROBERT DOLEÂ ,41.9,232751,1996
Hawaii,HI,4,BILL CLINTON,56.9,205012,ROBERT DOLEÂ ,31.6,113943,1996
Arizona,AZ,8,BILL CLINTON,46.5,653288,ROBERT DOLEÂ ,44.3,622073,1996
North Dakota,ND,3,BILL CLINTON,40.1,106905,ROBERT DOLEÂ ,46.9,125050,1996
South Dakota,SD,3,BILL CLINTON,43,139333,ROBERT DOLEÂ ,46.5,150543,1996
Indiana,IN,12,BILL CLINTON,41.6,887424,ROBERT DOLEÂ ,47.1,1006693,1996
Nebraska,NE,5,BILL CLINTON,35,236761,ROBERT DOLEÂ ,53.7,363467,1996
Kansas,KS,6,BILL CLINTON,36.1,387659,ROBERT DOLEÂ ,54.3,583245,1996
Georgia,GA,13,BILL CLINTON,45.8,1053849,ROBERT DOLEÂ ,47,1080843,1996
Virginia,VA,13,BILL CLINTON,45.1,1091060,ROBERT DOLEÂ ,47.1,1138350,1996
North Carolina,NC,14,BILL CLINTON,44,1107849,ROBERT DOLEÂ ,48.7,1225938,1996
South Carolina,SC,8,BILL CLINTON,44,506283,ROBERT DOLEÂ ,49.8,573458,1996
Oklahoma,OK,8,BILL CLINTON,40.4,488105,ROBERT DOLEÂ ,48.3,582315,1996
Mississippi,MS,7,BILL CLINTON,44.1,394022,ROBERT DOLEÂ ,49.2,439838,1996
Alabama,AL,9,BILL CLINTON,43.2,662165,ROBERT DOLEÂ ,50.1,769044,1996
Texas,TX,32,BILL CLINTON,43.8,2459683,ROBERT DOLEÂ ,48.8,2736167,1996
Montana,MT,3,BILL CLINTON,41.3,167922,ROBERT DOLEÂ ,44.1,179652,1996
Colorado,CO,8,BILL CLINTON,44.4,671152,ROBERT DOLEÂ ,45.8,691848,1996
Alaska,AK,3,BILL CLINTON,33.3,80380,ROBERT DOLEÂ ,50.8,122746,1996
Idaho,ID,4,BILL CLINTON,33.6,165443,ROBERT DOLEÂ ,52.2,256595,1996
Wyoming,WY,3,BILL CLINTON,36.8,77934,ROBERT DOLEÂ ,49.8,105388,1996
Utah,UT,5,BILL CLINTON,33.3,221633,ROBERT DOLEÂ ,54.4,361911,1996
Minnesota,MN,10,AL GORE,47.9,1168266,GEORGE W. BUSH,45.5,1109659,2000
Wisconsin,WI,11,AL GORE,47.8,1242987,GEORGE W. BUSH,47.6,1237279,2000
Michigan,MI,18,AL GORE,51.3,2170418,GEORGE W. BUSH,46.1,1953139,2000
Illinois,IL,22,AL GORE,54.6,2589026,GEORGE W. BUSH,42.6,2019421,2000
Iowa,IA,7,AL GORE,48.5,638517,GEORGE W. BUSH,48.2,634373,2000
Maine,ME,4,AL GORE,49.1,319951,GEORGE W. BUSH,44,286616,2000
Vermont,VT,3,AL GORE,50.6,149022,GEORGE W. BUSH,40.7,119775,2000
New York,NY,33,AL GORE,60.2,4107697,GEORGE W. BUSH,35.2,2403374,2000
Rhode Island,RI,4,AL GORE,61,249508,GEORGE W. BUSH,31.9,130555,2000
Massachusetts,MA,12,AL GORE,59.8,1616487,GEORGE W. BUSH,32.5,878502,2000
Pennsylvania,PA,23,AL GORE,50.6,2485967,GEORGE W. BUSH,46.4,2281127,2000
New Jersey,NJ,15,AL GORE,56.1,1788850,GEORGE W. BUSH,40.3,1284173,2000
Connecticut,CT,8,AL GORE,55.9,816015,GEORGE W. BUSH,38.4,561094,2000
Dist. of Col.,DC,2,AL GORE,85.2,171923,GEORGE W. BUSH,9,18073,2000
Delaware,DE,3,AL GORE,55,180068,GEORGE W. BUSH,41.9,137288,2000
Maryland,MD,10,AL GORE,56.5,1140782,GEORGE W. BUSH,40.3,813797,2000
Washington,WA,11,AL GORE,50.2,1247652,GEORGE W. BUSH,44.6,1108864,2000
Oregon,OR,7,AL GORE,47,720342,GEORGE W. BUSH,46.5,713577,2000
California,CA,54,AL GORE,53.4,5861203,GEORGE W. BUSH,41.7,4567429,2000
New Mexico,NM,5,AL GORE,47.9,286783,GEORGE W. BUSH,47.8,286417,2000
Hawaii,HI,4,AL GORE,55.8,205286,GEORGE W. BUSH,37.5,137845,2000
Ohio,OH,21,AL GORE,46.4,2183628,GEORGE W. BUSH,50,2350363,2000
Missouri,MO,11,AL GORE,47.1,1111138,GEORGE W. BUSH,50.4,1189924,2000
North Dakota,ND,3,AL GORE,33.1,95284,GEORGE W. BUSH,60.7,174852,2000
South Dakota,SD,3,AL GORE,37.6,118804,GEORGE W. BUSH,60.3,190700,2000
Indiana,IN,12,AL GORE,41,901980,GEORGE W. BUSH,56.6,1245836,2000
Nebraska,NE,5,AL GORE,33.3,231780,GEORGE W. BUSH,62.2,433862,2000
Kansas,KS,6,AL GORE,37.2,399276,GEORGE W. BUSH,58,622332,2000
New Hampshire,NH,4,AL GORE,46.8,266348,GEORGE W. BUSH,48.1,273559,2000
Kentucky,KY,8,AL GORE,41.4,638898,GEORGE W. BUSH,56.5,872492,2000
West Virginia,WV,5,AL GORE,45.6,295497,GEORGE W. BUSH,51.9,336475,2000
Arkansas,AR,6,AL GORE,45.9,422768,GEORGE W. BUSH,51.3,472940,2000
Tennessee,TN,11,AL GORE,47.3,981720,GEORGE W. BUSH,51.1,1061949,2000
Louisiana,LA,9,AL GORE,44.9,792344,GEORGE W. BUSH,52.6,927871,2000
Florida,FL,25,AL GORE,48.8,2912253,GEORGE W. BUSH,48.8,2912790,2000
Virginia,VA,13,AL GORE,44.4,1217290,GEORGE W. BUSH,52.5,1437490,2000
North Carolina,NC,14,AL GORE,43.2,1257692,GEORGE W. BUSH,56,1631163,2000
South Carolina,SC,8,AL GORE,40.9,565561,GEORGE W. BUSH,56.8,785937,2000
Oklahoma,OK,8,AL GORE,38.4,474276,GEORGE W. BUSH,60.3,744337,2000
Mississippi,MS,7,AL GORE,40.7,404614,GEORGE W. BUSH,57.6,572844,2000
Alabama,AL,9,AL GORE,41.6,692611,GEORGE W. BUSH,56.5,941173,2000
Georgia,GA,13,AL GORE,43,1116230,GEORGE W. BUSH,54.7,1419720,2000
Texas,TX,32,AL GORE,38,2433746,GEORGE W. BUSH,59.3,3799639,2000
Nevada,NV,4,AL GORE,46,279978,GEORGE W. BUSH,49.5,301575,2000
Arizona,AZ,8,AL GORE,44.7,685341,GEORGE W. BUSH,51,781652,2000
Alaska,AK,3,AL GORE,27.7,79004,GEORGE W. BUSH,58.6,167398,2000
Montana,MT,3,AL GORE,33.4,137126,GEORGE W. BUSH,58.4,240178,2000
Idaho,ID,4,AL GORE,27.6,138637,GEORGE W. BUSH,67.2,336937,2000
Wyoming,WY,3,AL GORE,27.7,60481,GEORGE W. BUSH,67.8,147947,2000
Colorado,CO,8,AL GORE,42.4,738227,GEORGE W. BUSH,50.8,883748,2000
Utah,UT,5,AL GORE,26.3,203053,GEORGE W. BUSH,66.8,515096,2000
Minnesota,MN,9,JOHN KERRY,51.1,1445014,GEORGE W. BUSH,47.6,1346695,2004
Wisconsin,WI,10,JOHN KERRY,49.7,1489504,GEORGE W. BUSH,49.3,1478120,2004
Michigan,MI,17,JOHN KERRY,51.2,2479183,GEORGE W. BUSH,47.8,2313746,2004
Illinois,IL,21,JOHN KERRY,54.8,2891550,GEORGE W. BUSH,44.5,2345946,2004
Maine,ME,4,JOHN KERRY,53.6,396842,GEORGE W. BUSH,44.6,330201,2004
Vermont,VT,3,JOHN KERRY,58.9,184067,GEORGE W. BUSH,38.8,121180,2004
New York,NY,31,JOHN KERRY,58.4,4314280,GEORGE W. BUSH,40.1,2962567,2004
Rhode Island,RI,4,JOHN KERRY,59.4,259765,GEORGE W. BUSH,38.7,169046,2004
Massachusetts,MA,12,JOHN KERRY,61.9,1803800,GEORGE W. BUSH,36.8,1071109,2004
Pennsylvania,PA,21,JOHN KERRY,50.9,2938095,GEORGE W. BUSH,48.4,2793847,2004
New Jersey,NJ,15,JOHN KERRY,52.9,1911430,GEORGE W. BUSH,46.2,1670003,2004
Connecticut,CT,7,JOHN KERRY,54.3,857488,GEORGE W. BUSH,43.9,693826,2004
Dist. of Col.,DC,3,JOHN KERRY,89.2,202970,GEORGE W. BUSH,9.3,21256,2004
Delaware,DE,3,JOHN KERRY,53.3,200152,GEORGE W. BUSH,45.8,171660,2004
New Hampshire,NH,4,JOHN KERRY,50.2,340511,GEORGE W. BUSH,48.9,331237,2004
Maryland,MD,10,JOHN KERRY,55.9,1334493,GEORGE W. BUSH,42.9,1024703,2004
Washington,WA,11,JOHN KERRY,52.8,1510201,GEORGE W. BUSH,45.6,1304894,2004
Oregon,OR,7,JOHN KERRY,51.3,943163,GEORGE W. BUSH,47.2,866831,2004
California,CA,55,JOHN KERRY,54.3,6745485,GEORGE W. BUSH,44.4,5509826,2004
Hawaii,HI,4,JOHN KERRY,54,231708,GEORGE W. BUSH,45.3,194191,2004
Iowa,IA,7,JOHN KERRY,49.2,741898,GEORGE W. BUSH,49.9,751957,2004
North Dakota,ND,3,JOHN KERRY,35.5,111052,GEORGE W. BUSH,62.9,196651,2004
South Dakota,SD,3,JOHN KERRY,38.4,149244,GEORGE W. BUSH,59.9,232584,2004
Indiana,IN,11,JOHN KERRY,39.3,969011,GEORGE W. BUSH,59.9,1479438,2004
Ohio,OH,20,JOHN KERRY,48.7,2741167,GEORGE W. BUSH,50.8,2859768,2004
Nebraska,NE,5,JOHN KERRY,32.7,254328,GEORGE W. BUSH,65.9,512814,2004
Missouri,MO,11,JOHN KERRY,46.1,1259171,GEORGE W. BUSH,53.3,1455713,2004
Kansas,KS,6,JOHN KERRY,36.6,434993,GEORGE W. BUSH,62,736456,2004
Kentucky,KY,8,JOHN KERRY,39.7,712733,GEORGE W. BUSH,59.5,1069439,2004
West Virginia,WV,5,JOHN KERRY,43.2,326541,GEORGE W. BUSH,56.1,423778,2004
Virginia,VA,13,JOHN KERRY,45.5,1454742,GEORGE W. BUSH,53.7,1716959,2004
Arkansas,AR,6,JOHN KERRY,44.5,469953,GEORGE W. BUSH,54.3,572898,2004
Tennessee,TN,11,JOHN KERRY,42.5,1036477,GEORGE W. BUSH,56.8,1384375,2004
North Carolina,NC,15,JOHN KERRY,43.6,1525849,GEORGE W. BUSH,56,1961166,2004
South Carolina,SC,8,JOHN KERRY,40.9,661699,GEORGE W. BUSH,58,937974,2004
Oklahoma,OK,7,JOHN KERRY,34.4,503966,GEORGE W. BUSH,65.6,959792,2004
Louisiana,LA,9,JOHN KERRY,42.2,820299,GEORGE W. BUSH,56.7,1102169,2004
Mississippi,MS,6,JOHN KERRY,39.8,458094,GEORGE W. BUSH,59.5,684981,2004
Alabama,AL,9,JOHN KERRY,36.8,693933,GEORGE W. BUSH,62.5,1176394,2004
Georgia,GA,15,JOHN KERRY,41.4,1366149,GEORGE W. BUSH,58,1914254,2004
Texas,TX,34,JOHN KERRY,38.2,2832704,GEORGE W. BUSH,61.1,4526917,2004
Florida,FL,27,JOHN KERRY,47.1,3583544,GEORGE W. BUSH,52.1,3964522,2004
New Mexico,NM,5,JOHN KERRY,49,370942,GEORGE W. BUSH,49.8,376930,2004
Alaska,AK,3,JOHN KERRY,35.5,111025,GEORGE W. BUSH,61.1,190889,2004
Montana,MT,3,JOHN KERRY,38.6,173710,GEORGE W. BUSH,59.1,266063,2004
Idaho,ID,4,JOHN KERRY,30.3,181098,GEORGE W. BUSH,68.4,409235,2004
Wyoming,WY,3,JOHN KERRY,29.1,70776,GEORGE W. BUSH,68.9,167629,2004
Nevada,NV,5,JOHN KERRY,47.9,397190,GEORGE W. BUSH,50.5,418690,2004
Colorado,CO,9,JOHN KERRY,47,1001732,GEORGE W. BUSH,51.7,1101255,2004
Utah,UT,5,JOHN KERRY,26,241199,GEORGE W. BUSH,71.5,663742,2004
Arizona,AZ,10,JOHN KERRY,44.4,893524,GEORGE W. BUSH,54.9,1104294,2004
Minnesota,MN,10,BARACK OBAMA,54.1,1573354,JOHN McCAIN,43.8,1275409,2008
Wisconsin,WI,10,BARACK OBAMA,56.2,1677211,JOHN McCAIN,42.3,1262393,2008
Michigan,MI,17,BARACK OBAMA,57.4,2872579,JOHN McCAIN,41,2048639,2008
Illinois,IL,21,BARACK OBAMA,61.9,3419673,JOHN McCAIN,36.8,2031527,2008
Iowa,IA,7,BARACK OBAMA,53.7,828940,JOHN McCAIN,44.2,682379,2008
Indiana,IN,11,BARACK OBAMA,49.9,1374039,JOHN McCAIN,48.9,1345648,2008
Ohio,OH,20,BARACK OBAMA,51.5,2933388,JOHN McCAIN,46.9,2674491,2008
Maine,ME,4,BARACK OBAMA,57.7,421923,JOHN McCAIN,40.4,295273,2008
Vermont,VT,3,BARACK OBAMA,67.5,219262,JOHN McCAIN,30.4,98974,2008
New Hampshire,NH,4,BARACK OBAMA,54.4,384826,JOHN McCAIN,44.7,316534,2008
New York,NY,31,BARACK OBAMA,62.8,4769700,JOHN McCAIN,36.1,2742298,2008
Rhode Island,RI,4,BARACK OBAMA,63.1,296571,JOHN McCAIN,35.2,165391,2008
Massachusetts,MA,12,BARACK OBAMA,61.8,1904097,JOHN McCAIN,36,1108854,2008
Pennsylvania,PA,21,BARACK OBAMA,54.3,3276363,JOHN McCAIN,44,2655885,2008
New Jersey,NJ,15,BARACK OBAMA,57.3,2215422,JOHN McCAIN,41.7,1613207,2008
Connecticut,CT,7,BARACK OBAMA,60.6,997772,JOHN McCAIN,38.2,629428,2008
Dist. of Col.,DC,3,BARACK OBAMA,92.5,245800,JOHN McCAIN,6.5,17367,2008
Delaware,DE,3,BARACK OBAMA,61.9,255459,JOHN McCAIN,36.9,152374,2008
Maryland,MD,10,BARACK OBAMA,61.9,1629467,JOHN McCAIN,36.5,959862,2008
Virginia,VA,13,BARACK OBAMA,52.6,1959532,JOHN McCAIN,46.3,1725005,2008
North Carolina,NC,15,BARACK OBAMA,49.7,2142651,JOHN McCAIN,49.4,2128474,2008
Florida,FL,27,BARACK OBAMA,51,4282074,JOHN McCAIN,48.2,4045624,2008
Washington,WA,11,BARACK OBAMA,57.7,1750848,JOHN McCAIN,40.5,1229216,2008
Oregon,OR,7,BARACK OBAMA,56.7,1037291,JOHN McCAIN,40.4,738475,2008
California,CA,55,BARACK OBAMA,61,8274473,JOHN McCAIN,37,5011781,2008
Hawaii,HI,4,BARACK OBAMA,71.8,325871,JOHN McCAIN,26.6,120566,2008
Nevada,NV,5,BARACK OBAMA,55.1,533736,JOHN McCAIN,42.7,412827,2008
Colorado,CO,9,BARACK OBAMA,53.7,1288576,JOHN McCAIN,44.7,1073589,2008
New Mexico,NM,5,BARACK OBAMA,56.9,472422,JOHN McCAIN,41.8,346832,2008
North Dakota,ND,3,BARACK OBAMA,44.6,141278,JOHN McCAIN,53.3,168601,2008
South Dakota,SD,3,BARACK OBAMA,44.7,170924,JOHN McCAIN,53.2,203054,2008
Nebraska,NE,4,BARACK OBAMA,41.6,333319,JOHN McCAIN,56.5,452979,2008
Missouri,MO,11,BARACK OBAMA,49.3,1441911,JOHN McCAIN,49.4,1445814,2008
Kansas,KS,6,BARACK OBAMA,41.7,514765,JOHN McCAIN,56.6,699655,2008
Kentucky,KY,8,BARACK OBAMA,41.2,751985,JOHN McCAIN,57.4,1048462,2008
West Virginia,WV,5,BARACK OBAMA,42.6,303857,JOHN McCAIN,55.7,397466,2008
Arkansas,AR,6,BARACK OBAMA,38.9,422310,JOHN McCAIN,58.7,638017,2008
Tennessee,TN,11,BARACK OBAMA,41.8,1087437,JOHN McCAIN,56.9,1479178,2008
South Carolina,SC,8,BARACK OBAMA,44.9,862449,JOHN McCAIN,53.9,1034896,2008
Oklahoma,OK,7,BARACK OBAMA,34.4,502496,JOHN McCAIN,65.6,960165,2008
Louisiana,LA,9,BARACK OBAMA,39.9,782989,JOHN McCAIN,58.6,1148275,2008
Mississippi,MS,6,BARACK OBAMA,43,554662,JOHN McCAIN,56.2,724597,2008
Alabama,AL,9,BARACK OBAMA,38.7,813479,JOHN McCAIN,60.3,1266546,2008
Georgia,GA,15,BARACK OBAMA,47,1844137,JOHN McCAIN,52.2,2048744,2008
Texas,TX,34,BARACK OBAMA,43.7,3528633,JOHN McCAIN,55.5,4479328,2008
Alaska,AK,3,BARACK OBAMA,37.9,123594,JOHN McCAIN,59.4,193841,2008
Montana,MT,3,BARACK OBAMA,47.3,231667,JOHN McCAIN,49.5,242763,2008
Idaho,ID,4,BARACK OBAMA,36.1,236440,JOHN McCAIN,61.5,403012,2008
Wyoming,WY,3,BARACK OBAMA,32.4,82868,JOHN McCAIN,64.4,164958,2008
Utah,UT,5,BARACK OBAMA,34.4,327670,JOHN McCAIN,62.6,596030,2008
Arizona,AZ,10,BARACK OBAMA,45.1,1034707,JOHN McCAIN,53.6,1230111,2008
Minnesota,MN,10,BARACK OBAMA,52.7,1546167,MITT ROMNEY,45,1320225,2012
Wisconsin,WI,10,BARACK OBAMA,52.9,1620985,MITT ROMNEY,46,1410966,2012
Michigan,MI,16,BARACK OBAMA,54.2,2564569,MITT ROMNEY,44.7,2115256,2012
Illinois,IL,20,BARACK OBAMA,57.6,3019512,MITT ROMNEY,40.7,2135216,2012
Iowa,IA,6,BARACK OBAMA,52,822544,MITT ROMNEY,46.2,730617,2012
Ohio,OH,18,BARACK OBAMA,50.7,2827621,MITT ROMNEY,47.7,2661407,2012
Maine,ME,4,BARACK OBAMA,56.3,401306,MITT ROMNEY,41,292276,2012
Vermont,VT,3,BARACK OBAMA,66.6,199239,MITT ROMNEY,31,92698,2012
New Hampshire,NH,4,BARACK OBAMA,52,369561,MITT ROMNEY,46.5,329918,2012
New York,NY,29,BARACK OBAMA,63.4,4471871,MITT ROMNEY,35.2,2485432,2012
Rhode Island,RI,4,BARACK OBAMA,62.7,279677,MITT ROMNEY,35.2,157204,2012
Massachusetts,MA,11,BARACK OBAMA,60.7,1921290,MITT ROMNEY,37.5,1188314,2012
Pennsylvania,PA,20,BARACK OBAMA,52.1,2990274,MITT ROMNEY,46.7,2680434,2012
New Jersey,NJ,14,BARACK OBAMA,58.3,2122786,MITT ROMNEY,40.6,1478088,2012
Connecticut,CT,7,BARACK OBAMA,58.1,905083,MITT ROMNEY,40.7,634892,2012
Dist. of Col.,DC,3,BARACK OBAMA,90.9,267070,MITT ROMNEY,7.3,21381,2012
Delaware,DE,3,BARACK OBAMA,58.6,242584,MITT ROMNEY,40,165484,2012
Maryland,MD,10,BARACK OBAMA,62,1677844,MITT ROMNEY,35.9,971869,2012
Virginia,VA,13,BARACK OBAMA,51.2,1971820,MITT ROMNEY,47.3,1822522,2012
Florida,FL,29,BARACK OBAMA,50,4237756,MITT ROMNEY,49.1,4163447,2012
Washington,WA,12,BARACK OBAMA,56.2,1755396,MITT ROMNEY,41.3,1290670,2012
Oregon,OR,7,BARACK OBAMA,54.2,970488,MITT ROMNEY,42.1,754175,2012
Nevada,NV,6,BARACK OBAMA,52.4,531373,MITT ROMNEY,45.7,463567,2012
Colorado,CO,9,BARACK OBAMA,51.5,1323101,MITT ROMNEY,46.1,1185243,2012
California,CA,55,BARACK OBAMA,60.2,7854285,MITT ROMNEY,37.1,4839958,2012
New Mexico,NM,5,BARACK OBAMA,53,415335,MITT ROMNEY,42.8,335788,2012
Hawaii,HI,4,BARACK OBAMA,70.5,306658,MITT ROMNEY,27.8,121015,2012
Indiana,IN,11,BARACK OBAMA,43.9,1152887,MITT ROMNEY,54.1,1420543,2012
North Dakota,ND,3,BARACK OBAMA,38.7,124966,MITT ROMNEY,58.3,188320,2012
South Dakota,SD,3,BARACK OBAMA,39.9,145039,MITT ROMNEY,57.9,210610,2012
Nebraska,NE,5,BARACK OBAMA,38,302081,MITT ROMNEY,59.8,475064,2012
Missouri,MO,10,BARACK OBAMA,44.4,1223796,MITT ROMNEY,53.8,1482440,2012
Kansas,KS,6,BARACK OBAMA,38,440726,MITT ROMNEY,59.7,692634,2012
North Carolina,NC,15,BARACK OBAMA,48.4,2178391,MITT ROMNEY,50.4,2270395,2012
Kentucky,KY,8,BARACK OBAMA,37.8,679370,MITT ROMNEY,60.5,1087190,2012
West Virginia,WV,5,BARACK OBAMA,35.5,238269,MITT ROMNEY,62.3,417655,2012
Arkansas,AR,6,BARACK OBAMA,36.9,394409,MITT ROMNEY,60.6,647744,2012
Tennessee,TN,11,BARACK OBAMA,39.1,960709,MITT ROMNEY,59.5,1462330,2012
South Carolina,SC,9,BARACK OBAMA,44.1,865941,MITT ROMNEY,54.6,1071645,2012
Oklahoma,OK,7,BARACK OBAMA,33.2,443547,MITT ROMNEY,66.8,891325,2012
Louisiana,LA,8,BARACK OBAMA,40.6,809141,MITT ROMNEY,57.8,1152262,2012
Mississippi,MS,6,BARACK OBAMA,43.8,562949,MITT ROMNEY,55.3,710746,2012
Alabama,AL,9,BARACK OBAMA,38.4,795696,MITT ROMNEY,60.5,1255925,2012
Georgia,GA,16,BARACK OBAMA,45.5,1773827,MITT ROMNEY,53.3,2078688,2012
Texas,TX,38,BARACK OBAMA,41.4,3308124,MITT ROMNEY,57.2,4569843,2012
Alaska,AK,3,BARACK OBAMA,40.8,122640,MITT ROMNEY,54.8,164676,2012
Montana,MT,3,BARACK OBAMA,41.7,201839,MITT ROMNEY,55.4,267928,2012
Idaho,ID,4,BARACK OBAMA,32.6,212787,MITT ROMNEY,64.5,420911,2012
Wyoming,WY,3,BARACK OBAMA,27.8,69286,MITT ROMNEY,68.6,170962,2012
Utah,UT,6,BARACK OBAMA,24.7,251813,MITT ROMNEY,72.8,740600,2012
Arizona,AZ,11,BARACK OBAMA,44.6,1025232,MITT ROMNEY,53.7,1233654,2012
Alaska,AK,3,HILARY CLINTON,37.7,"93,007",DONALD TRUMP,52.9,"130,415",2016
Alabama,AL,9,HILARY CLINTON,34.6,"718,084",DONALD TRUMP,62.9,"1,306,925",2016
Arkansas,AR,6,HILARY CLINTON,33.8,"378,729",DONALD TRUMP,60.6,"677,904",2016
Arizona,AZ,11,HILARY CLINTON,45.4,"933,655",DONALD TRUMP,49.6,"1,017,166",2016
California,CA,55,HILARY CLINTON,61.5,"5,589,936",DONALD TRUMP,33.2,"302,195",2016
Colorado,CO,9,HILARY CLINTON,47.2,"1,208,095",DONALD TRUMP,44.4,"1,136,354",2016
Connecticut,CT,7,HILARY CLINTON,53.9,"823,360",DONALD TRUMP,41.7,"637,919",2016
"Washington, D.C.",DC,3,HILARY CLINTON,90.5,"260,223",DONALD TRUMP,4,"11,553",2016
Delaware,DE,3,HILARY CLINTON,53.4,"235,581",DONALD TRUMP,41.9,"185,103",2016
Florida,FL,29,HILARY CLINTON,47.8,"4,485,745",DONALD TRUMP,49.1,"4,605,515",2016
Georgia,GA,16,HILARY CLINTON,45.6,"1,837,300",DONALD TRUMP,51.3,"2,068,623",2016
Hawaii,HI,4,HILARY CLINTON,62.3,"251,853",DONALD TRUMP,30.1,"121,648",2016
Iowa,IA,6,HILARY CLINTON,42.2,"650,790",DONALD TRUMP,51.8,"798,923",2016
Idaho,ID,4,HILARY CLINTON,27.6,"189,677",DONALD TRUMP,59.2,"407,199",2016
Illinois,IL,20,HILARY CLINTON,55.4,"2,977,498",DONALD TRUMP,39.4,"2,118,179",2016
Indiana,IN,11,HILARY CLINTON,37.9,"1,031,953",DONALD TRUMP,57.2,"1,556,200",2016
Kansas,KS,6,HILARY CLINTON,36.2,"414,788",DONALD TRUMP,57.2,"65,609",2016
Kentucky,KY,8,HILARY CLINTON,32.7,"628,834",DONALD TRUMP,62.5,"1,202,942",2016
Louisiana,LA,8,HILARY CLINTON,38.4,"779,535",DONALD TRUMP,58.1,"1,178,004",2016
Massachusetts,MA,11,HILARY CLINTON,60.8,"1,964,768",DONALD TRUMP,33.5,"1,083,069",2016
Maryland,MD,10,HILARY CLINTON,60.5,"149,951",DONALD TRUMP,35.3,"873,646",2016
Maine,ME,3,HILARY CLINTON,47.9,"354,873",DONALD TRUMP,45.2,"334,838",2016
Michigan,MI,16,HILARY CLINTON,47.3,"2,267,798",DONALD TRUMP,47.6,"2,279,221",2016
Minnesota,MN,10,HILARY CLINTON,46.9,"1,366,676",DONALD TRUMP,45.4,"1,322,891",2016
Missouri,MO,10,HILARY CLINTON,37.8,"1,054,889",DONALD TRUMP,56.9,"1,585,753",2016
Mississippi,MS,6,HILARY CLINTON,40.1,"462,001",DONALD TRUMP,58.3,"678,457",2016
Montana,MT,3,HILARY CLINTON,36,"174,521",DONALD TRUMP,56.5,"274,120",2016
North Carolina,NC,15,HILARY CLINTON,46.7,"2,162,074",DONALD TRUMP,50.5,"2,339,603",2016
North Dakota,ND,3,HILARY CLINTON,27.2,"93,526",DONALD TRUMP,63,"216,133",2016
Nebraska,NE,2,HILARY CLINTON,34,"273,858",DONALD TRUMP,60.3,"485,819",2016
New Hampshire,NH,4,HILARY CLINTON,47.6,"348,521",DONALD TRUMP,47.3,"345,789",2016
New Jersey,NJ,14,HILARY CLINTON,55,"2,021,756",DONALD TRUMP,41.8,"1,535,513",2016
New Mexico,NM,5,HILARY CLINTON,48.3,"380,724",DONALD TRUMP,40,"315,875",2016
Nevada,NV,6,HILARY CLINTON,47.9,"537,753",DONALD TRUMP,45.5,"511,319",2016
New York,NY,29,HILARY CLINTON,58.8,"4,143,874",DONALD TRUMP,37.5,"2,640,570",2016
Ohio,OH,18,HILARY CLINTON,43.5,"2,317,001",DONALD TRUMP,52.1,"2,771,984",2016
Oklahoma,OK,7,HILARY CLINTON,28.9,"419,788",DONALD TRUMP,65.3,"947,934",2016
Oregon,OR,7,HILARY CLINTON,51.7,"934,631",DONALD TRUMP,41.1,"742,506",2016
Pennsylvania,PA,20,HILARY CLINTON,47.6,"2,844,705",DONALD TRUMP,48.8,"2,912,941",2016
Rhode Island,RI,4,HILARY CLINTON,55.4,"249,902",DONALD TRUMP,39.8,"179,421",2016
South Carolina,SC,9,HILARY CLINTON,40.8,"849,469",DONALD TRUMP,54.9,"1,143,611",2016
South Dakota,SD,3,HILARY CLINTON,31.7,"117,442",DONALD TRUMP,61.5,"227,701",2016
Tennessee,TN,11,HILARY CLINTON,34.9,"867,110",DONALD TRUMP,61.1,"1,517,402",2016
Texas,TX,38,HILARY CLINTON,43.3,"3,867,816",DONALD TRUMP,52.4,"4,681,590",2016
Utah,UT,6,HILARY CLINTON,27.8,"237,241",DONALD TRUMP,46.6,"397,004",2016
Virginia,VA,13,HILARY CLINTON,49.9,"1,916,845",DONALD TRUMP,45,"1,731,156",2016
Vermont,VT,3,HILARY CLINTON,61.1,"178,117",DONALD TRUMP,32.6,"95,050",2016
Washington,WA,12,HILARY CLINTON,54.9,"1,364,934",DONALD TRUMP,38.3,"950,710",2016
Wisconsin,WI,10,HILARY CLINTON,46.9,"1,382,210",DONALD TRUMP,47.9,"1,409,467",2016
West Virginia,WV,5,HILARY CLINTON,26.5,"187,457",DONALD TRUMP,68.7,"486,198",2016
Wyoming,WY,3,HILARY CLINTON,22.5,"55,969",DONALD TRUMP,70.1,"174,248",2016